datetime,ws,wdir,temp
08/16/22 08:30:00 AM,84.49,124.9,0
08/16/22 09:00:00 AM,0.67,161.5,0
08/16/22 09:30:00 AM,0.33,141.8,0
08/16/22 10:00:00 AM,0.67,123.5,0
08/16/22 10:30:00 AM,0.67,43.5,0
08/16/22 11:00:00 AM,1,43.5,0
08/16/22 11:30:00 AM,2.34,7,0
08/16/22 12:00:00 PM,3.01,2.8,0
08/16/22 12:30:00 PM,3.01,338.3,0
08/16/22 01:00:00 PM,3.67,351,0
08/16/22 01:30:00 PM,3.01,355.2,0
08/16/22 02:00:00 PM,3.67,349.6,0
08/16/22 02:30:00 PM,3.67,349.6,0
08/16/22 03:00:00 PM,3.67,345.4,0
08/16/22 03:30:00 PM,3.34,342.6,0
08/16/22 04:00:00 PM,3.34,346.8,0
08/16/22 04:30:00 PM,3.34,345.4,0
08/16/22 05:00:00 PM,3.01,351,0
08/16/22 05:30:00 PM,2.67,349.6,0
08/16/22 06:00:00 PM,2.34,14,0
08/16/22 06:30:00 PM,2,12.6,0
08/16/22 07:00:00 PM,1.34,16.8,0
08/16/22 07:30:00 PM,1,49.1,0
08/16/22 08:00:00 PM,1,28.1,0
08/16/22 08:30:00 PM,0.67,47.7,0
08/16/22 09:00:00 PM,0.33,71.6,0
08/16/22 09:30:00 PM,1,61.8,0
08/16/22 10:00:00 PM,1.34,1.4,0
08/16/22 10:30:00 PM,1.34,292,0
08/16/22 11:00:00 PM,1.34,21.1,0
08/16/22 11:30:00 PM,0.67,37.9,0
08/17/22 12:00:00 AM,0.33,64.6,0
08/17/22 12:30:00 AM,0.67,75.8,0
08/17/22 01:00:00 AM,0.67,338.3,0
08/17/22 01:30:00 AM,0.67,18.3,0
08/17/22 02:00:00 AM,0,53.3,0
08/17/22 02:30:00 AM,0.33,53.3,0
08/17/22 03:00:00 AM,0.33,53.3,0
08/17/22 03:30:00 AM,1,154.4,0
08/17/22 04:00:00 AM,1.67,213.4,0
08/17/22 04:30:00 AM,0.67,161.5,0
08/17/22 05:00:00 AM,1,216.2,0
08/17/22 05:30:00 AM,1,179.7,0
08/17/22 06:00:00 AM,0.67,136.2,0
08/17/22 06:30:00 AM,1.34,244.3,0
08/17/22 07:00:00 AM,1,183.9,0
08/17/22 07:30:00 AM,0.33,150.2,0
08/17/22 08:00:00 AM,1.34,43.5,0
08/17/22 08:30:00 AM,2,14,0
08/17/22 09:00:00 AM,2.34,7,0
08/17/22 09:30:00 AM,2.34,355.2,0
08/17/22 10:00:00 AM,3.34,7,0
08/17/22 10:30:00 AM,3.34,346.8,0
08/17/22 11:00:00 AM,3.67,342.6,0
08/17/22 11:30:00 AM,3.67,344,0
08/17/22 12:00:00 PM,3.67,355.2,0
08/17/22 12:30:00 PM,4.68,355.2,0
08/17/22 01:00:00 PM,4.68,349.6,0
08/17/22 01:30:00 PM,4.01,355.2,0
08/17/22 02:00:00 PM,4.34,352.4,0
08/17/22 02:30:00 PM,4.34,348.2,0
08/17/22 03:00:00 PM,4.34,352.4,0
08/17/22 03:30:00 PM,4.34,355.2,0
08/17/22 04:00:00 PM,4.01,355.2,0
08/17/22 04:30:00 PM,4.34,351,0
08/17/22 05:00:00 PM,3.67,355.2,0
08/17/22 05:30:00 PM,4.01,355.2,0
08/17/22 06:00:00 PM,3.34,353.8,0
08/17/22 06:30:00 PM,3.01,335.5,0
08/17/22 07:00:00 PM,3.01,349.6,0
08/17/22 07:30:00 PM,2.34,336.9,0
08/17/22 08:00:00 PM,3.01,297.6,0
08/17/22 08:30:00 PM,2.34,325.7,0
08/17/22 09:00:00 PM,1.67,11.2,0
08/17/22 09:30:00 PM,2,355.2,0
08/17/22 10:00:00 PM,1.34,37.9,0
08/17/22 10:30:00 PM,0.33,102.5,0
08/17/22 11:00:00 PM,0.33,133.4,0
08/17/22 11:30:00 PM,0.67,164.3,0
08/18/22 12:00:00 AM,0.67,223.2,0
08/18/22 12:30:00 AM,1,213.4,0
08/18/22 01:00:00 AM,1,176.9,0
08/18/22 01:30:00 AM,0.67,186.7,0
08/18/22 02:00:00 AM,1,251.3,0
08/18/22 02:30:00 AM,2,224.6,0
08/18/22 03:00:00 AM,2,212,0
08/18/22 03:30:00 AM,1.67,223.2,0
08/18/22 04:00:00 AM,1,175.5,0
08/18/22 04:30:00 AM,1,178.3,0
08/18/22 05:00:00 AM,0.33,251.3,0
08/18/22 05:30:00 AM,0.33,251.3,0
08/18/22 06:00:00 AM,0,251.3,0
08/18/22 06:30:00 AM,0.67,224.6,0
08/18/22 07:00:00 AM,1,192.3,0
08/18/22 07:30:00 AM,2.34,234.5,0
08/18/22 08:00:00 AM,2,247.1,0
08/18/22 08:30:00 AM,3.34,261.1,0
08/18/22 09:00:00 AM,3.34,262.5,0
08/18/22 09:30:00 AM,2,280.8,0
08/18/22 10:00:00 AM,2.67,11.2,0
08/18/22 10:30:00 AM,3.01,9.8,0
08/18/22 11:00:00 AM,3.34,7,0
08/18/22 11:30:00 AM,3.34,0,0
08/18/22 12:00:00 PM,3.67,348.2,0
08/18/22 12:30:00 PM,4.34,7,0
08/18/22 01:00:00 PM,5.01,12.6,0
08/18/22 01:30:00 PM,5.68,7,0
08/18/22 02:00:00 PM,5.68,11.2,0
08/18/22 02:30:00 PM,5.68,11.2,0
08/18/22 03:00:00 PM,6.01,9.8,0
08/18/22 03:30:00 PM,6.01,9.8,0
08/18/22 04:00:00 PM,5.68,11.2,0
08/18/22 04:30:00 PM,6.01,7,0
08/18/22 05:00:00 PM,5.34,12.6,0
08/18/22 05:30:00 PM,5.01,11.2,0
08/18/22 06:00:00 PM,4.01,1.4,0
08/18/22 06:30:00 PM,4.01,349.6,0
08/18/22 07:00:00 PM,3.34,355.2,0
08/18/22 07:30:00 PM,2.34,348.2,0
08/18/22 08:00:00 PM,2.34,5.6,0
08/18/22 08:30:00 PM,1.67,4.2,0
08/18/22 09:00:00 PM,1.67,9.8,0
08/18/22 09:30:00 PM,1,32.3,0
08/18/22 10:00:00 PM,0.33,59,0
08/18/22 10:30:00 PM,0.33,59,0
08/18/22 11:00:00 PM,0,59,0
08/18/22 11:30:00 PM,0,66,0
08/19/22 12:00:00 AM,0.33,98.3,0
08/19/22 12:30:00 AM,0.33,355.2,0
08/19/22 01:00:00 AM,0.33,352.4,0
08/19/22 01:30:00 AM,0.33,352.4,0
08/19/22 02:00:00 AM,0.33,301.8,0
08/19/22 02:30:00 AM,0.33,172.7,0
08/19/22 03:00:00 AM,1.34,209.2,0
08/19/22 03:30:00 AM,1,186.7,0
08/19/22 04:00:00 AM,1.34,183.9,0
08/19/22 04:30:00 AM,1,174.1,0
08/19/22 05:00:00 AM,0.67,317.3,0
08/19/22 05:30:00 AM,1,196.5,0
08/19/22 06:00:00 AM,1.67,219,0
08/19/22 06:30:00 AM,2.34,255.5,0
08/19/22 07:00:00 AM,4.34,279.4,0
08/19/22 07:30:00 AM,4.68,258.3,0
08/19/22 08:00:00 AM,4.01,268.1,0
08/19/22 08:30:00 AM,3.01,280.8,0
08/19/22 09:00:00 AM,3.34,5.6,0
08/19/22 09:30:00 AM,2.67,5.6,0
08/19/22 10:00:00 AM,3.01,355.2,0
08/19/22 10:30:00 AM,3.34,355.2,0
08/19/22 11:00:00 AM,3.67,1.4,0
08/19/22 11:30:00 AM,3.34,348.2,0
08/19/22 12:00:00 PM,4.34,7,0
08/19/22 12:30:00 PM,5.01,8.4,0
08/19/22 01:00:00 PM,6.68,9.8,0
08/19/22 01:30:00 PM,7.01,8.4,0
08/19/22 02:00:00 PM,7.01,8.4,0
08/19/22 02:30:00 PM,6.35,11.2,0
08/19/22 03:00:00 PM,6.01,11.2,0
08/19/22 03:30:00 PM,5.68,14,0
08/19/22 04:00:00 PM,6.35,12.6,0
08/19/22 04:30:00 PM,6.35,9.8,0
08/19/22 05:00:00 PM,5.01,4.2,0
08/19/22 05:30:00 PM,4.68,355.2,0
08/19/22 06:00:00 PM,4.34,345.4,0
08/19/22 06:30:00 PM,3.34,345.4,0
08/19/22 07:00:00 PM,3.67,339.7,0
08/19/22 07:30:00 PM,3.34,339.7,0
08/19/22 08:00:00 PM,3.01,297.6,0
08/19/22 08:30:00 PM,2,304.7,0
08/19/22 09:00:00 PM,2,16.8,0
08/19/22 09:30:00 PM,2.67,353.8,0
08/19/22 10:00:00 PM,2,2.8,0
08/19/22 10:30:00 PM,3.34,279.4,0
08/19/22 11:00:00 PM,3.01,327.1,0
08/19/22 11:30:00 PM,2,334.1,0
08/20/22 12:00:00 AM,3.01,1.4,0
08/20/22 12:30:00 AM,3.01,351,0
08/20/22 01:00:00 AM,2.34,353.8,0
08/20/22 01:30:00 AM,2.34,22.5,0
08/20/22 02:00:00 AM,0.33,122.1,0
08/20/22 02:30:00 AM,1.67,355.2,0
08/20/22 03:00:00 AM,2,338.3,0
08/20/22 03:30:00 AM,1,26.7,0
08/20/22 04:00:00 AM,0.67,59,0
08/20/22 04:30:00 AM,0.33,42.1,0
08/20/22 05:00:00 AM,1,44.9,0
08/20/22 05:30:00 AM,1.34,32.3,0
08/20/22 06:00:00 AM,1.67,23.9,0
08/20/22 06:30:00 AM,1.67,336.9,0
08/20/22 07:00:00 AM,1.67,16.8,0
08/20/22 07:30:00 AM,1.34,30.9,0
08/20/22 08:00:00 AM,1,36.5,0
08/20/22 08:30:00 AM,1.67,342.6,0
08/20/22 09:00:00 AM,2,336.9,0
08/20/22 09:30:00 AM,1.34,304.7,0
08/20/22 10:00:00 AM,1,30.9,0
08/20/22 10:30:00 AM,0.67,44.9,0
08/20/22 11:00:00 AM,2.34,9.8,0
08/20/22 11:30:00 AM,2.34,353.8,0
08/20/22 12:00:00 PM,2,342.6,0
08/20/22 12:30:00 PM,1.34,331.3,0
08/20/22 01:00:00 PM,2.67,348.2,0
08/20/22 01:30:00 PM,3.34,345.4,0
08/20/22 02:00:00 PM,3.67,349.6,0
08/20/22 02:30:00 PM,3.67,342.6,0
08/20/22 03:00:00 PM,4.01,351,0
08/20/22 03:30:00 PM,3.34,346.8,0
08/20/22 04:00:00 PM,3.34,349.6,0
08/20/22 04:30:00 PM,3.34,348.2,0
08/20/22 05:00:00 PM,3.67,345.4,0
08/20/22 05:30:00 PM,3.67,351,0
08/20/22 06:00:00 PM,3.34,355.2,0
08/20/22 06:30:00 PM,3.34,353.8,0
08/20/22 07:00:00 PM,3.34,349.6,0
08/20/22 07:30:00 PM,3.34,355.2,0
08/20/22 08:00:00 PM,3.01,355.2,0
08/20/22 08:30:00 PM,2.34,355.2,0
08/20/22 09:00:00 PM,2.34,352.4,0
08/20/22 09:30:00 PM,2.34,7,0
08/20/22 10:00:00 PM,1.34,43.5,0
08/20/22 10:30:00 PM,1,49.1,0
08/20/22 11:00:00 PM,1.67,22.5,0
08/20/22 11:30:00 PM,2.67,352.4,0
08/21/22 12:00:00 AM,3.01,355.2,0
08/21/22 12:30:00 AM,3.01,271,0
08/21/22 01:00:00 AM,2.34,331.3,0
08/21/22 01:30:00 AM,2.34,351,0
08/21/22 02:00:00 AM,2.67,351,0
08/21/22 02:30:00 AM,3.01,1.4,0
08/21/22 03:00:00 AM,2,12.6,0
08/21/22 03:30:00 AM,1.34,22.5,0
08/21/22 04:00:00 AM,1,25.3,0
08/21/22 04:30:00 AM,1.34,23.9,0
08/21/22 05:00:00 AM,0.67,50.5,0
08/21/22 05:30:00 AM,0.67,21.1,0
08/21/22 06:00:00 AM,0,29.5,0
08/21/22 06:30:00 AM,0.67,176.9,0
08/21/22 07:00:00 AM,1.34,233.1,0
08/21/22 07:30:00 AM,0.67,171.3,0
08/21/22 08:00:00 AM,0.33,161.5,0
08/21/22 08:30:00 AM,0.33,185.3,0
08/21/22 09:00:00 AM,0.67,154.4,0
08/21/22 09:30:00 AM,0.33,167.1,0
08/21/22 10:00:00 AM,1,355.2,0
08/21/22 10:30:00 AM,2.34,9.8,0
08/21/22 11:00:00 AM,3.01,349.6,0
08/21/22 11:30:00 AM,3.34,352.4,0
08/21/22 12:00:00 PM,3.67,1.4,0
08/21/22 12:30:00 PM,4.34,2.8,0
08/21/22 01:00:00 PM,4.68,18.3,0
08/21/22 01:30:00 PM,5.34,8.4,0
08/21/22 02:00:00 PM,5.34,12.6,0
08/21/22 02:30:00 PM,6.01,18.3,0
08/21/22 03:00:00 PM,6.01,18.3,0
08/21/22 03:30:00 PM,5.34,2.8,0
08/21/22 04:00:00 PM,4.68,352.4,0
08/21/22 04:30:00 PM,5.34,8.4,0
08/21/22 05:00:00 PM,5.01,7,0
08/21/22 05:30:00 PM,4.34,2.8,0
08/21/22 06:00:00 PM,4.01,341.2,0
08/21/22 06:30:00 PM,3.34,0,0
08/21/22 07:00:00 PM,3.34,349.6,0
08/21/22 07:30:00 PM,4.01,349.6,0
08/21/22 08:00:00 PM,3.67,353.8,0
08/21/22 08:30:00 PM,2.67,351,0
08/21/22 09:00:00 PM,2.34,355.2,0
08/21/22 09:30:00 PM,2,352.4,0
08/21/22 10:00:00 PM,1.34,11.2,0
08/21/22 10:30:00 PM,1,37.9,0
08/21/22 11:00:00 PM,1,42.1,0
08/21/22 11:30:00 PM,1.67,4.2,0
08/22/22 12:00:00 AM,0.67,40.7,0
08/22/22 12:30:00 AM,0.33,44.9,0
08/22/22 01:00:00 AM,0.33,51.9,0
08/22/22 01:30:00 AM,0.33,53.3,0
08/22/22 02:00:00 AM,0.33,178.3,0
08/22/22 02:30:00 AM,0.67,175.5,0
08/22/22 03:00:00 AM,1,207.8,0
08/22/22 03:30:00 AM,1,235.9,0
08/22/22 04:00:00 AM,1,244.3,0
08/22/22 04:30:00 AM,0.67,216.2,0
08/22/22 05:00:00 AM,1,189.5,0
08/22/22 05:30:00 AM,0.67,176.9,0
08/22/22 06:00:00 AM,1,183.9,0
08/22/22 06:30:00 AM,0.67,178.3,0
08/22/22 07:00:00 AM,0.67,183.9,0
08/22/22 07:30:00 AM,1,183.9,0
08/22/22 08:00:00 AM,1.34,210.6,0
08/22/22 08:30:00 AM,2,256.9,0
08/22/22 09:00:00 AM,2.34,258.3,0
08/22/22 09:30:00 AM,2,271,0
08/22/22 10:00:00 AM,3.01,9.8,0
08/22/22 10:30:00 AM,3.34,8.4,0
08/22/22 11:00:00 AM,4.01,7,0
08/22/22 11:30:00 AM,4.68,12.6,0
08/22/22 12:00:00 PM,5.34,5.6,0
08/22/22 12:30:00 PM,6.01,2.8,0
08/22/22 01:00:00 PM,5.68,4.2,0
08/22/22 01:30:00 PM,5.34,4.2,0
08/22/22 02:00:00 PM,5.34,9.8,0
08/22/22 02:30:00 PM,5.34,11.2,0
08/22/22 03:00:00 PM,5.68,7,0
08/22/22 03:30:00 PM,6.01,5.6,0
08/22/22 04:00:00 PM,6.01,8.4,0
08/22/22 04:30:00 PM,5.01,9.8,0
08/22/22 05:00:00 PM,5.01,8.4,0
08/22/22 05:30:00 PM,4.68,355.2,0
08/22/22 06:00:00 PM,4.34,355.2,0
08/22/22 06:30:00 PM,4.01,355.2,0
08/22/22 07:00:00 PM,3.34,344,0
08/22/22 07:30:00 PM,3.01,345.4,0
08/22/22 08:00:00 PM,3.01,351,0
08/22/22 08:30:00 PM,3.34,342.6,0
08/22/22 09:00:00 PM,3.01,348.2,0
08/22/22 09:30:00 PM,2.67,342.6,0
08/22/22 10:00:00 PM,2,345.4,0
08/22/22 10:30:00 PM,2.34,325.7,0
08/22/22 11:00:00 PM,2.67,329.9,0
08/22/22 11:30:00 PM,2,325.7,0
08/23/22 12:00:00 AM,2.34,335.5,0
08/23/22 12:30:00 AM,2,317.3,0
08/23/22 01:00:00 AM,1.34,294.8,0
08/23/22 01:30:00 AM,1,18.3,0
08/23/22 02:00:00 AM,1,8.4,0
08/23/22 02:30:00 AM,2,12.6,0
08/23/22 03:00:00 AM,2,342.6,0
08/23/22 03:30:00 AM,2.34,355.2,0
08/23/22 04:00:00 AM,2,12.6,0
08/23/22 04:30:00 AM,0.33,32.3,0
08/23/22 05:00:00 AM,0,44.9,0
08/23/22 05:30:00 AM,0.67,144.6,0
08/23/22 06:00:00 AM,1,175.5,0
08/23/22 06:30:00 AM,1,186.7,0
08/23/22 07:00:00 AM,0.67,171.3,0
08/23/22 07:30:00 AM,1.34,213.4,0
08/23/22 08:00:00 AM,1.34,210.6,0
08/23/22 08:30:00 AM,2.34,258.3,0
08/23/22 09:00:00 AM,2.34,283.6,0
08/23/22 09:30:00 AM,3.01,8.4,0
08/23/22 10:00:00 AM,3.34,7,0
08/23/22 10:30:00 AM,3.34,345.4,0
08/23/22 11:00:00 AM,3.67,341.2,0
08/23/22 11:30:00 AM,5.01,8.4,0
08/23/22 12:00:00 PM,5.34,11.2,0
08/23/22 12:30:00 PM,5.68,11.2,0
08/23/22 01:00:00 PM,5.34,14,0
08/23/22 01:30:00 PM,5.68,11.2,0
08/23/22 02:00:00 PM,6.01,14,0
08/23/22 02:30:00 PM,5.34,0,0
08/23/22 03:00:00 PM,5.34,355.2,0
08/23/22 03:30:00 PM,4.68,0,0
08/23/22 04:00:00 PM,4.34,9.8,0
08/23/22 04:30:00 PM,4.34,5.6,0
08/23/22 05:00:00 PM,3.67,353.8,0
08/23/22 05:30:00 PM,3.01,342.6,0
08/23/22 06:00:00 PM,3.34,355.2,0
08/23/22 06:30:00 PM,3.34,308.9,0
08/23/22 07:00:00 PM,2.67,338.3,0
08/23/22 07:30:00 PM,2.34,318.7,0
08/23/22 08:00:00 PM,2.67,342.6,0
08/23/22 08:30:00 PM,2,317.3,0
08/23/22 09:00:00 PM,2,5.6,0
08/23/22 09:30:00 PM,1.34,345.4,0
08/23/22 10:00:00 PM,0.33,49.1,0
08/23/22 10:30:00 PM,0,150.2,0
08/23/22 11:00:00 PM,1,223.2,0
08/23/22 11:30:00 PM,2.34,328.5,0
08/24/22 12:00:00 AM,2,2.8,0
08/24/22 12:30:00 AM,2,344,0
08/24/22 01:00:00 AM,2,334.1,0
08/24/22 01:30:00 AM,2.34,324.3,0
08/24/22 02:00:00 AM,2.34,335.5,0
08/24/22 02:30:00 AM,2.67,341.2,0
08/24/22 03:00:00 AM,2,322.9,0
08/24/22 03:30:00 AM,0.67,105.3,0
08/24/22 04:00:00 AM,0.67,32.3,0
08/24/22 04:30:00 AM,1,15.4,0
08/24/22 05:00:00 AM,1.34,57.6,0
08/24/22 05:30:00 AM,0,81.4,0
08/24/22 06:00:00 AM,0,85.6,0
08/24/22 06:30:00 AM,0.33,146,0
08/24/22 07:00:00 AM,0.33,196.5,0
08/24/22 07:30:00 AM,0.33,189.5,0
08/24/22 08:00:00 AM,1.34,47.7,0
08/24/22 08:30:00 AM,1.67,12.6,0
08/24/22 09:00:00 AM,2.34,8.4,0
08/24/22 09:30:00 AM,2.34,26.7,0
08/24/22 10:00:00 AM,3.01,8.4,0
08/24/22 10:30:00 AM,3.67,4.2,0
08/24/22 11:00:00 AM,3.34,1.4,0
08/24/22 11:30:00 AM,3.34,2.8,0
08/24/22 12:00:00 PM,3.34,2.8,0
08/24/22 12:30:00 PM,3.67,11.2,0
08/24/22 01:00:00 PM,3.34,12.6,0
08/24/22 01:30:00 PM,3.67,12.6,0
08/24/22 02:00:00 PM,3.34,12.6,0
08/24/22 02:30:00 PM,3.01,2.8,0
08/24/22 03:00:00 PM,3.34,353.8,0
08/24/22 03:30:00 PM,3.67,353.8,0
08/24/22 04:00:00 PM,3.67,0,0
08/24/22 04:30:00 PM,3.67,0,0
08/24/22 05:00:00 PM,3.67,349.6,0
08/24/22 05:30:00 PM,2.34,280.8,0
08/24/22 06:00:00 PM,2.34,310.3,0
08/24/22 06:30:00 PM,3.01,348.2,0
08/24/22 07:00:00 PM,2.67,344,0
08/24/22 07:30:00 PM,1.67,335.5,0
08/24/22 08:00:00 PM,2,256.9,0
08/24/22 08:30:00 PM,2.67,279.4,0
08/24/22 09:00:00 PM,2.67,268.1,0
08/24/22 09:30:00 PM,2.67,272.4,0
08/24/22 10:00:00 PM,1.67,278,0
08/24/22 10:30:00 PM,1.34,15.4,0
08/24/22 11:00:00 PM,1.34,14,0
08/24/22 11:30:00 PM,1.34,1.4,0
08/25/22 12:00:00 AM,0.67,39.3,0
08/25/22 12:30:00 AM,0.67,4.2,0
08/25/22 01:00:00 AM,0,53.3,0
08/25/22 01:30:00 AM,0.33,89.9,0
08/25/22 02:00:00 AM,1,219,0
08/25/22 02:30:00 AM,0.67,262.5,0
08/25/22 03:00:00 AM,2.34,11.2,0
08/25/22 03:30:00 AM,3.01,355.2,0
08/25/22 04:00:00 AM,2.67,336.9,0
08/25/22 04:30:00 AM,2.34,341.2,0
08/25/22 05:00:00 AM,1.67,12.6,0
08/25/22 05:30:00 AM,1,1.4,0
08/25/22 06:00:00 AM,0.33,25.3,0
08/25/22 06:30:00 AM,0.33,21.1,0
08/25/22 07:00:00 AM,0.67,186.7,0
08/25/22 07:30:00 AM,0.33,176.9,0
08/25/22 08:00:00 AM,0.67,157.2,0
08/25/22 08:30:00 AM,1,146,0
08/25/22 09:00:00 AM,1.67,251.3,0
08/25/22 09:30:00 AM,0.67,332.7,0
08/25/22 10:00:00 AM,2,353.8,0
08/25/22 10:30:00 AM,3.34,2.8,0
08/25/22 11:00:00 AM,4.01,7,0
08/25/22 11:30:00 AM,4.01,355.2,0
08/25/22 12:00:00 PM,4.01,355.2,0
08/25/22 12:30:00 PM,5.01,1.4,0
08/25/22 01:00:00 PM,6.01,12.6,0
08/25/22 01:30:00 PM,4.68,352.4,0
08/25/22 02:00:00 PM,4.68,349.6,0
08/25/22 02:30:00 PM,5.01,355.2,0
08/25/22 03:00:00 PM,4.01,355.2,0
08/25/22 03:30:00 PM,4.34,355.2,0
08/25/22 04:00:00 PM,4.01,355.2,0
08/25/22 04:30:00 PM,4.01,351,0
08/25/22 05:00:00 PM,4.34,351,0
08/25/22 05:30:00 PM,4.68,355.2,0
08/25/22 06:00:00 PM,4.01,345.4,0
08/25/22 06:30:00 PM,3.67,339.7,0
08/25/22 07:00:00 PM,3.01,342.6,0
08/25/22 07:30:00 PM,2.67,339.7,0
08/25/22 08:00:00 PM,2,355.2,0
08/25/22 08:30:00 PM,2.67,304.7,0
08/25/22 09:00:00 PM,1.67,348.2,0
08/25/22 09:30:00 PM,1,301.8,0
08/25/22 10:00:00 PM,0.67,110.9,0
08/25/22 10:30:00 PM,1,299,0
08/25/22 11:00:00 PM,0.33,212,0
08/25/22 11:30:00 PM,0.67,199.4,0
08/26/22 12:00:00 AM,1.34,254.1,0
08/26/22 12:30:00 AM,1.34,261.1,0
08/26/22 01:00:00 AM,0,262.5,0
08/26/22 01:30:00 AM,1,261.1,0
08/26/22 02:00:00 AM,0.67,258.3,0
08/26/22 02:30:00 AM,0.67,202.2,0
08/26/22 03:00:00 AM,1,255.5,0
08/26/22 03:30:00 AM,0,242.9,0
08/26/22 04:00:00 AM,0.33,233.1,0
08/26/22 04:30:00 AM,1,203.6,0
08/26/22 05:00:00 AM,1,171.3,0
08/26/22 05:30:00 AM,1,169.9,0
08/26/22 06:00:00 AM,0.67,190.9,0
08/26/22 06:30:00 AM,0.67,190.9,0
08/26/22 07:00:00 AM,1,196.5,0
08/26/22 07:30:00 AM,1.34,227.4,0
08/26/22 08:00:00 AM,2.34,268.1,0
08/26/22 08:30:00 AM,1.34,282.2,0
08/26/22 09:00:00 AM,1.67,341.2,0
08/26/22 09:30:00 AM,2,11.2,0
08/26/22 10:00:00 AM,3.01,8.4,0
08/26/22 10:30:00 AM,3.34,349.6,0
08/26/22 11:00:00 AM,3.34,349.6,0
08/26/22 11:30:00 AM,3.67,355.2,0
08/26/22 12:00:00 PM,4.34,4.2,0
08/26/22 12:30:00 PM,4.68,1.4,0
08/26/22 01:00:00 PM,4.68,9.8,0
08/26/22 01:30:00 PM,4.68,5.6,0
08/26/22 02:00:00 PM,5.01,5.6,0
08/26/22 02:30:00 PM,4.68,4.2,0
08/26/22 03:00:00 PM,4.34,7,0
08/26/22 03:30:00 PM,3.67,348.2,0
08/26/22 04:00:00 PM,4.68,355.2,0
08/26/22 04:30:00 PM,6.35,7,0
08/26/22 05:00:00 PM,5.68,349.6,0
08/26/22 05:30:00 PM,4.34,349.6,0
08/26/22 06:00:00 PM,4.01,348.2,0
08/26/22 06:30:00 PM,3.01,336.9,0
08/26/22 07:00:00 PM,3.01,346.8,0
08/26/22 07:30:00 PM,2.67,351,0
08/26/22 08:00:00 PM,2.67,1.4,0
08/26/22 08:30:00 PM,1.67,349.6,0
08/26/22 09:00:00 PM,2,16.8,0
08/26/22 09:30:00 PM,0.67,70.2,0
08/26/22 10:00:00 PM,0,89.9,0
08/26/22 10:30:00 PM,0,89.9,0
08/26/22 11:00:00 PM,0,89.9,0
08/26/22 11:30:00 PM,0.33,89.9,0
08/27/22 12:00:00 AM,0.33,89.9,0
08/27/22 12:30:00 AM,0,89.9,0
08/27/22 01:00:00 AM,0,89.9,0
08/27/22 01:30:00 AM,0,89.9,0
08/27/22 02:00:00 AM,0.67,89.9,0
08/27/22 02:30:00 AM,0.33,96.9,0
08/27/22 03:00:00 AM,0.33,123.5,0
08/27/22 03:30:00 AM,0.67,181.1,0
08/27/22 04:00:00 AM,0.67,176.9,0
08/27/22 04:30:00 AM,1,168.5,0
08/27/22 05:00:00 AM,0.67,192.3,0
08/27/22 05:30:00 AM,1.34,160,0
08/27/22 06:00:00 AM,1,176.9,0
08/27/22 06:30:00 AM,1.34,162.9,0
08/27/22 07:00:00 AM,0.67,160,0
08/27/22 07:30:00 AM,1,154.4,0
08/27/22 08:00:00 AM,1,213.4,0
08/27/22 08:30:00 AM,2.34,259.7,0
08/27/22 09:00:00 AM,2.67,258.3,0
08/27/22 09:30:00 AM,2.34,351,0
08/27/22 10:00:00 AM,3.01,9.8,0
08/27/22 10:30:00 AM,3.34,4.2,0
08/27/22 11:00:00 AM,3.67,351,0
08/27/22 11:30:00 AM,3.67,8.4,0
08/27/22 12:00:00 PM,4.34,4.2,0
08/27/22 12:30:00 PM,5.01,4.2,0
08/27/22 01:00:00 PM,5.01,7,0
08/27/22 01:30:00 PM,5.34,0,0
08/27/22 02:00:00 PM,4.68,355.2,0
08/27/22 02:30:00 PM,6.35,5.6,0
08/27/22 03:00:00 PM,4.68,342.6,0
08/27/22 03:30:00 PM,4.68,1.4,0
08/27/22 04:00:00 PM,4.68,7,0
08/27/22 04:30:00 PM,4.34,7,0
08/27/22 05:00:00 PM,5.34,9.8,0
08/27/22 05:30:00 PM,5.01,7,0
08/27/22 06:00:00 PM,4.01,355.2,0
08/27/22 06:30:00 PM,4.01,344,0
08/27/22 07:00:00 PM,3.01,334.1,0
08/27/22 07:30:00 PM,2.67,314.5,0
08/27/22 08:00:00 PM,3.01,339.7,0
08/27/22 08:30:00 PM,2.34,338.3,0
08/27/22 09:00:00 PM,2,338.3,0
08/27/22 09:30:00 PM,2.34,355.2,0
08/27/22 10:00:00 PM,1.67,43.5,0
08/27/22 10:30:00 PM,0.33,78.6,0
08/27/22 11:00:00 PM,0.67,78.6,0
08/27/22 11:30:00 PM,0.67,78.6,0
08/28/22 12:00:00 AM,0.33,78.6,0
08/28/22 12:30:00 AM,0.33,78.6,0
08/28/22 01:00:00 AM,0,78.6,0
08/28/22 01:30:00 AM,0,78.6,0
08/28/22 02:00:00 AM,0,78.6,0
08/28/22 02:30:00 AM,0.33,78.6,0
08/28/22 03:00:00 AM,0,78.6,0
08/28/22 03:30:00 AM,0.33,78.6,0
08/28/22 04:00:00 AM,0.67,78.6,0
08/28/22 04:30:00 AM,0.33,78.6,0
08/28/22 05:00:00 AM,0.33,78.6,0
08/28/22 05:30:00 AM,0.67,169.9,0
08/28/22 06:00:00 AM,0.67,167.1,0
08/28/22 06:30:00 AM,0.67,158.6,0
08/28/22 07:00:00 AM,1,155.8,0
08/28/22 07:30:00 AM,1,151.6,0
08/28/22 08:00:00 AM,2.67,251.3,0
08/28/22 08:30:00 AM,2.34,261.1,0
08/28/22 09:00:00 AM,1.67,293.4,0
08/28/22 09:30:00 AM,3.01,7,0
08/28/22 10:00:00 AM,3.34,355.2,0
08/28/22 10:30:00 AM,3.67,355.2,0
08/28/22 11:00:00 AM,3.67,353.8,0
08/28/22 11:30:00 AM,4.68,4.2,0
08/28/22 12:00:00 PM,3.34,352.4,0
08/28/22 12:30:00 PM,3.67,351,0
08/28/22 01:00:00 PM,5.68,11.2,0
08/28/22 01:30:00 PM,4.01,349.6,0
08/28/22 02:00:00 PM,6.35,14,0
08/28/22 02:30:00 PM,5.68,355.2,0
08/28/22 03:00:00 PM,3.01,344,0
08/28/22 03:30:00 PM,3.34,329.9,0
08/28/22 04:00:00 PM,5.01,355.2,0
08/28/22 04:30:00 PM,5.01,348.2,0
08/28/22 05:00:00 PM,4.34,353.8,0
08/28/22 05:30:00 PM,3.67,338.3,0
08/28/22 06:00:00 PM,3.01,328.5,0
08/28/22 06:30:00 PM,2.67,338.3,0
08/28/22 07:00:00 PM,3.01,299,0
08/28/22 07:30:00 PM,3.34,351,0
08/28/22 08:00:00 PM,3.34,355.2,0
08/28/22 08:30:00 PM,2.34,331.3,0
08/28/22 09:00:00 PM,2.34,335.5,0
08/28/22 09:30:00 PM,2,349.6,0
08/28/22 10:00:00 PM,1.34,30.9,0
08/28/22 10:30:00 PM,0.67,46.3,0
08/28/22 11:00:00 PM,1,44.9,0
08/28/22 11:30:00 PM,1,32.3,0
08/29/22 12:00:00 AM,0.67,50.5,0
08/29/22 12:30:00 AM,0.33,47.7,0
08/29/22 01:00:00 AM,0.33,4.2,0
08/29/22 01:30:00 AM,0.33,96.9,0
08/29/22 02:00:00 AM,0.67,101.1,0
08/29/22 02:30:00 AM,0.67,164.3,0
08/29/22 03:00:00 AM,0.33,192.3,0
08/29/22 03:30:00 AM,0,192.3,0
08/29/22 04:00:00 AM,0.33,192.3,0
08/29/22 04:30:00 AM,0.33,192.3,0
08/29/22 05:00:00 AM,0,192.3,0
08/29/22 05:30:00 AM,1.34,19.7,0
08/29/22 06:00:00 AM,0.67,73,0
08/29/22 06:30:00 AM,0,56.2,0
08/29/22 07:00:00 AM,0,7,0
08/29/22 07:30:00 AM,0.67,60.4,0
08/29/22 08:00:00 AM,0.67,30.9,0
08/29/22 08:30:00 AM,1.67,322.9,0
08/29/22 09:00:00 AM,3.01,14,0
08/29/22 09:30:00 AM,3.34,353.8,0
08/29/22 10:00:00 AM,3.67,351,0
08/29/22 10:30:00 AM,4.01,344,0
08/29/22 11:00:00 AM,3.34,332.7,0
08/29/22 11:30:00 AM,3.34,332.7,0
08/29/22 12:00:00 PM,3.01,342.6,0
08/29/22 12:30:00 PM,4.01,287.8,0
08/29/22 01:00:00 PM,3.01,331.3,0
08/29/22 01:30:00 PM,4.01,346.8,0
08/29/22 02:00:00 PM,3.67,349.6,0
08/29/22 02:30:00 PM,3.67,355.2,0
08/29/22 03:00:00 PM,3.67,7,0
08/29/22 03:30:00 PM,4.34,2.8,0
08/29/22 04:00:00 PM,3.67,352.4,0
08/29/22 04:30:00 PM,3.67,331.3,0
08/29/22 05:00:00 PM,3.01,318.7,0
08/29/22 05:30:00 PM,3.34,342.6,0
08/29/22 06:00:00 PM,3.01,336.9,0
08/29/22 06:30:00 PM,3.01,341.2,0
08/29/22 07:00:00 PM,2.67,342.6,0
08/29/22 07:30:00 PM,3.01,348.2,0
08/29/22 08:00:00 PM,2.67,351,0
08/29/22 08:30:00 PM,3.01,355.2,0
08/29/22 09:00:00 PM,2.34,4.2,0
08/29/22 09:30:00 PM,1.67,23.9,0
08/29/22 10:00:00 PM,1.67,15.4,0
08/29/22 10:30:00 PM,0.67,29.5,0
08/29/22 11:00:00 PM,0.33,46.3,0
08/29/22 11:30:00 PM,0,46.3,0
08/30/22 12:00:00 AM,0.67,54.8,0
08/30/22 12:30:00 AM,1.67,46.3,0
08/30/22 01:00:00 AM,1.67,348.2,0
08/30/22 01:30:00 AM,0.67,91.3,0
08/30/22 02:00:00 AM,0.33,94.1,0
08/30/22 02:30:00 AM,1,37.9,0
08/30/22 03:00:00 AM,0.33,77.2,0
08/30/22 03:30:00 AM,0.33,78.6,0
08/30/22 04:00:00 AM,1,182.5,0
08/30/22 04:30:00 AM,0.67,195.1,0
08/30/22 05:00:00 AM,1,183.9,0
08/30/22 05:30:00 AM,1.34,200.8,0
08/30/22 06:00:00 AM,1.34,182.5,0
08/30/22 06:30:00 AM,0.67,139,0
08/30/22 07:00:00 AM,1.34,282.2,0
08/30/22 07:30:00 AM,1.67,244.3,0
08/30/22 08:00:00 AM,2,322.9,0
08/30/22 08:30:00 AM,2.34,7,0
08/30/22 09:00:00 AM,1.67,8.4,0
08/30/22 09:30:00 AM,2.34,2.8,0
08/30/22 10:00:00 AM,3.01,4.2,0
08/30/22 10:30:00 AM,3.34,355.2,0
08/30/22 11:00:00 AM,3.34,346.8,0
08/30/22 11:30:00 AM,3.34,352.4,0
08/30/22 12:00:00 PM,3.67,348.2,0
08/30/22 12:30:00 PM,4.68,7,0
08/30/22 01:00:00 PM,4.68,2.8,0
08/30/22 01:30:00 PM,4.68,355.2,0
08/30/22 02:00:00 PM,5.01,8.4,0
08/30/22 02:30:00 PM,5.01,16.8,0
08/30/22 03:00:00 PM,5.34,9.8,0
08/30/22 03:30:00 PM,5.34,14,0
08/30/22 04:00:00 PM,5.01,11.2,0
08/30/22 04:30:00 PM,4.68,7,0
08/30/22 05:00:00 PM,4.68,353.8,0
08/30/22 05:30:00 PM,4.68,348.2,0
08/30/22 06:00:00 PM,4.34,355.2,0
08/30/22 06:30:00 PM,3.01,344,0
08/30/22 07:00:00 PM,3.01,345.4,0
08/30/22 07:30:00 PM,2.34,300.4,0
08/30/22 08:00:00 PM,3.34,355.2,0
08/30/22 08:30:00 PM,2.34,336.9,0
08/30/22 09:00:00 PM,2,355.2,0
08/30/22 09:30:00 PM,1.67,344,0
08/30/22 10:00:00 PM,2,355.2,0
08/30/22 10:30:00 PM,1,28.1,0
08/30/22 11:00:00 PM,0.33,68.8,0
08/30/22 11:30:00 PM,0.33,89.9,0
08/31/22 12:00:00 AM,0.33,89.9,0
08/31/22 12:30:00 AM,0.33,89.9,0
08/31/22 01:00:00 AM,0.33,89.9,0
08/31/22 01:30:00 AM,0.33,127.8,0
08/31/22 02:00:00 AM,1,207.8,0
08/31/22 02:30:00 AM,0.33,219,0
08/31/22 03:00:00 AM,0.67,200.8,0
08/31/22 03:30:00 AM,0.67,165.7,0
08/31/22 04:00:00 AM,1.34,185.3,0
08/31/22 04:30:00 AM,1.34,178.3,0
08/31/22 05:00:00 AM,1.34,185.3,0
08/31/22 05:30:00 AM,1,164.3,0
08/31/22 06:00:00 AM,0.67,92.7,0
08/31/22 06:30:00 AM,0.33,129.2,0
08/31/22 07:00:00 AM,0.33,178.3,0
08/31/22 07:30:00 AM,1,168.5,0
08/31/22 08:00:00 AM,1.67,249.9,0
08/31/22 08:30:00 AM,2.34,252.7,0
08/31/22 09:00:00 AM,1.67,254.1,0
08/31/22 09:30:00 AM,1,328.5,0
08/31/22 10:00:00 AM,2.34,11.2,0
08/31/22 10:30:00 AM,3.34,0,0
08/31/22 11:00:00 AM,4.01,5.6,0
08/31/22 11:30:00 AM,4.68,8.4,0
08/31/22 12:00:00 PM,4.01,353.8,0
08/31/22 12:30:00 PM,4.34,353.8,0
08/31/22 01:00:00 PM,4.01,348.2,0
08/31/22 01:30:00 PM,4.68,355.2,0
08/31/22 02:00:00 PM,5.01,4.2,0
08/31/22 02:30:00 PM,5.34,8.4,0
08/31/22 03:00:00 PM,5.01,9.8,0
08/31/22 03:30:00 PM,5.01,14,0
08/31/22 04:00:00 PM,5.34,12.6,0
08/31/22 04:30:00 PM,5.01,12.6,0
08/31/22 05:00:00 PM,5.01,19.7,0
08/31/22 05:30:00 PM,4.68,345.4,0
08/31/22 06:00:00 PM,4.34,355.2,0
08/31/22 06:30:00 PM,4.01,349.6,0
08/31/22 07:00:00 PM,3.01,336.9,0
08/31/22 07:30:00 PM,2.34,329.9,0
08/31/22 08:00:00 PM,2.34,301.8,0
08/31/22 08:30:00 PM,2.34,346.8,0
08/31/22 09:00:00 PM,2.34,352.4,0
08/31/22 09:30:00 PM,2.34,355.2,0
08/31/22 10:00:00 PM,1.67,2.8,0
08/31/22 10:30:00 PM,1,43.5,0
08/31/22 11:00:00 PM,1,37.9,0
08/31/22 11:30:00 PM,0.33,53.3,0
09/01/2022 00:00,0.33,53.3,0
09/01/2022 00:30,0,53.3,0
09/01/2022 01:00,0,53.3,0
09/01/2022 01:30,0.33,53.3,0
09/01/2022 02:00,0.33,140.4,0
09/01/2022 02:30,0.67,167.1,0
09/01/2022 03:00,1,171.3,0
09/01/2022 03:30,1,168.5,0
09/01/2022 04:00,1.34,167.1,0
09/01/2022 04:30,0.67,162.9,0
09/01/2022 05:00,1,161.5,0
09/01/2022 05:30,1,168.5,0
09/01/2022 06:00,1,167.1,0
09/01/2022 06:30,1,164.3,0
09/01/2022 07:00,1.34,162.9,0
09/01/2022 07:30,1,162.9,0
09/01/2022 08:00,1.34,176.9,0
09/01/2022 08:30,1.67,261.1,0
09/01/2022 09:00,1.67,329.9,0
09/01/2022 09:30,2.34,1.4,0
09/01/2022 10:00,3.01,1.4,0
09/01/2022 10:30,3.34,355.2,0
09/01/2022 11:00,4.34,7,0
09/01/2022 11:30,4.68,11.2,0
09/01/2022 12:00,4.68,7,0
09/01/2022 12:30,5.01,11.2,0
09/01/2022 13:00,5.68,4.2,0
09/01/2022 13:30,4.68,355.2,0
09/01/2022 14:00,4.34,349.6,0
09/01/2022 14:30,4.34,355.2,0
09/01/2022 15:00,4.34,0,0
09/01/2022 15:30,4.01,355.2,0
09/01/2022 16:00,3.67,2.8,0
09/01/2022 16:30,4.68,12.6,0
09/01/2022 17:00,4.34,4.2,0
09/01/2022 17:30,3.67,355.2,0
09/01/2022 18:00,4.01,355.2,0
09/01/2022 18:30,3.67,355.2,0
09/01/2022 19:00,2.67,342.6,0
09/01/2022 19:30,2.67,346.8,0
09/01/2022 20:00,3.01,344,0
09/01/2022 20:30,2.67,349.6,0
09/01/2022 21:00,2,348.2,0
09/01/2022 21:30,2,7,0
09/01/2022 22:00,2.34,9.8,0
09/01/2022 22:30,1.34,1.4,0
09/01/2022 23:00,1.34,339.7,0
09/01/2022 23:30,1.34,286.4,0
09/02/2022 00:00,2,344,0
09/02/2022 00:30,3.01,268.1,0
09/02/2022 01:00,1.67,1.4,0
09/02/2022 01:30,0.67,29.5,0
09/02/2022 02:00,0,30.9,0
09/02/2022 02:30,0,53.3,0
09/02/2022 03:00,0.33,53.3,0
09/02/2022 03:30,1.34,220.4,0
09/02/2022 04:00,1,190.9,0
09/02/2022 04:30,0.67,190.9,0
09/02/2022 05:00,1.34,176.9,0
09/02/2022 05:30,1.34,193.7,0
09/02/2022 06:00,1.67,186.7,0
09/02/2022 06:30,2,176.9,0
09/02/2022 07:00,1.34,183.9,0
09/02/2022 07:30,1,174.1,0
09/02/2022 08:00,1.34,256.9,0
09/02/2022 08:30,2.34,255.5,0
09/02/2022 09:00,2.34,251.3,0
09/02/2022 09:30,2.67,7,0
09/02/2022 10:00,3.01,352.4,0
09/02/2022 10:30,3.67,2.8,0
09/02/2022 11:00,4.34,8.4,0
09/02/2022 11:30,5.01,8.4,0
09/02/2022 12:00,4.34,1.4,0
09/02/2022 12:30,4.68,1.4,0
09/02/2022 13:00,5.01,1.4,0
09/02/2022 13:30,5.68,5.6,0
09/02/2022 14:00,4.68,355.2,0
09/02/2022 14:30,5.01,7,0
09/02/2022 15:00,5.68,14,0
09/02/2022 15:30,5.01,9.8,0
09/02/2022 16:00,4.34,355.2,0
09/02/2022 16:30,5.34,7,0
09/02/2022 17:00,5.01,2.8,0
09/02/2022 17:30,4.01,353.8,0
09/02/2022 18:00,4.01,346.8,0
09/02/2022 18:30,3.67,339.7,0
09/02/2022 19:00,3.34,352.4,0
09/02/2022 19:30,3.34,353.8,0
09/02/2022 20:00,2.67,342.6,0
09/02/2022 20:30,2,300.4,0
09/02/2022 21:00,2,344,0
09/02/2022 21:30,2.34,2.8,0
09/02/2022 22:00,2.34,0,0
09/02/2022 22:30,2.67,0,0
09/02/2022 23:00,2,15.4,0
09/02/2022 23:30,1,56.2,0
09/03/2022 00:00,0.33,95.5,0
09/03/2022 00:30,0.33,91.3,0
09/03/2022 01:00,1.34,2.8,0
09/03/2022 01:30,0.33,355.2,0
09/03/2022 02:00,0,355.2,0
09/03/2022 02:30,0.33,355.2,0
09/03/2022 03:00,0.33,355.2,0
09/03/2022 03:30,0.33,355.2,0
09/03/2022 04:00,0.33,158.6,0
09/03/2022 04:30,0,165.7,0
09/03/2022 05:00,0.33,175.5,0
09/03/2022 05:30,0.67,219,0
09/03/2022 06:00,0,251.3,0
09/03/2022 06:30,0.33,290.6,0
09/03/2022 07:00,0.67,268.1,0
09/03/2022 07:30,1.34,329.9,0
09/03/2022 08:00,1.67,9.8,0
09/03/2022 08:30,1.67,4.2,0
09/03/2022 09:00,1.34,5.6,0
09/03/2022 09:30,1.34,342.6,0
09/03/2022 10:00,3.67,11.2,0
09/03/2022 10:30,4.34,8.4,0
09/03/2022 11:00,5.01,7,0
09/03/2022 11:30,4.68,7,0
09/03/2022 12:00,5.01,8.4,0
09/03/2022 12:30,5.01,11.2,0
09/03/2022 13:00,6.35,23.9,0
09/03/2022 13:30,5.34,11.2,0
09/03/2022 14:00,6.01,9.8,0
09/03/2022 14:30,6.68,21.1,0
09/03/2022 15:00,7.01,8.4,0
09/03/2022 15:30,6.68,7,0
09/03/2022 16:00,6.35,16.8,0
09/03/2022 16:30,5.68,355.2,0
09/03/2022 17:00,5.01,346.8,0
09/03/2022 17:30,5.01,353.8,0
09/03/2022 18:00,5.01,353.8,0
09/03/2022 18:30,4.01,349.6,0
09/03/2022 19:00,3.67,344,0
09/03/2022 19:30,3.34,310.3,0
09/03/2022 20:00,2.67,342.6,0
09/03/2022 20:30,2.67,338.3,0
09/03/2022 21:00,3.34,355.2,0
09/03/2022 21:30,2.34,355.2,0
09/03/2022 22:00,2.67,352.4,0
09/03/2022 22:30,2,9.8,0
09/03/2022 23:00,1.67,21.1,0
09/03/2022 23:30,0.67,42.1,0
09/04/2022 00:00,0.67,9.8,0
09/04/2022 00:30,1.34,46.3,0
09/04/2022 01:00,0,47.7,0
09/04/2022 01:30,0,47.7,0
09/04/2022 02:00,0,47.7,0
09/04/2022 02:30,0.67,35.1,0
09/04/2022 03:00,1,40.7,0
09/04/2022 03:30,0.33,21.1,0
09/04/2022 04:00,0.33,40.7,0
09/04/2022 04:30,0,40.7,0
09/04/2022 05:00,0.33,40.7,0
09/04/2022 05:30,1,11.2,0
09/04/2022 06:00,1.34,21.1,0
09/04/2022 06:30,1.34,21.1,0
09/04/2022 07:00,1.67,7,0
09/04/2022 07:30,2,345.4,0
09/04/2022 08:00,2,7,0
09/04/2022 08:30,2,1.4,0
09/04/2022 09:00,2.67,355.2,0
09/04/2022 09:30,3.67,352.4,0
09/04/2022 10:00,3.67,352.4,0
09/04/2022 10:30,4.01,353.8,0
09/04/2022 11:00,4.34,346.8,0
09/04/2022 11:30,3.67,348.2,0
09/04/2022 12:00,3.01,324.3,0
09/04/2022 12:30,2.67,331.3,0
09/04/2022 13:00,3.67,351,0
09/04/2022 13:30,4.01,353.8,0
09/04/2022 14:00,4.68,349.6,0
09/04/2022 14:30,4.68,353.8,0
09/04/2022 15:00,4.68,355.2,0
09/04/2022 15:30,4.34,348.2,0
09/04/2022 16:00,4.68,353.8,0
09/04/2022 16:30,4.68,352.4,0
09/04/2022 17:00,4.01,348.2,0
09/04/2022 17:30,3.67,351,0
09/04/2022 18:00,3.34,351,0
09/04/2022 18:30,3.01,338.3,0
09/04/2022 19:00,2,327.1,0
09/04/2022 19:30,2.34,355.2,0
09/04/2022 20:00,2.67,9.8,0
09/04/2022 20:30,2.34,353.8,0
09/04/2022 21:00,2,0,0
09/04/2022 21:30,2.34,4.2,0
09/04/2022 22:00,2.34,7,0
09/04/2022 22:30,2.34,355.2,0
09/04/2022 23:00,2.67,353.8,0
09/04/2022 23:30,2.34,342.6,0
09/05/2022 00:00,2.34,332.7,0
09/05/2022 00:30,2.67,342.6,0
09/05/2022 01:00,2.67,349.6,0
09/05/2022 01:30,2.67,346.8,0
09/05/2022 02:00,3.01,355.2,0
09/05/2022 02:30,3.34,355.2,0
09/05/2022 03:00,3.01,355.2,0
09/05/2022 03:30,3.01,339.7,0
09/05/2022 04:00,2,0,0
09/05/2022 04:30,1.67,21.1,0
09/05/2022 05:00,0.67,12.6,0
09/05/2022 05:30,0.67,15.4,0
09/05/2022 06:00,1,7,0
09/05/2022 06:30,1.34,44.9,0
09/05/2022 07:00,2,349.6,0
09/05/2022 07:30,2,345.4,0
09/05/2022 08:00,2.67,349.6,0
09/05/2022 08:30,3.34,345.4,0
09/05/2022 09:00,3.01,321.5,0
09/05/2022 09:30,3.01,342.6,0
09/05/2022 10:00,3.34,352.4,0
09/05/2022 10:30,4.34,355.2,0
09/05/2022 11:00,5.01,2.8,0
09/05/2022 11:30,5.68,2.8,0
09/05/2022 12:00,5.68,5.6,0
09/05/2022 12:30,6.35,5.6,0
09/05/2022 13:00,4.68,352.4,0
09/05/2022 13:30,5.01,353.8,0
09/05/2022 14:00,3.67,348.2,0
09/05/2022 14:30,4.34,342.6,0
09/05/2022 15:00,6.01,9.8,0
09/05/2022 15:30,5.68,12.6,0
09/05/2022 16:00,6.01,16.8,0
09/05/2022 16:30,5.68,11.2,0
09/05/2022 17:00,5.68,9.8,0
09/05/2022 17:30,5.01,5.6,0
09/05/2022 18:00,4.68,1.4,0
09/05/2022 18:30,4.34,349.6,0
09/05/2022 19:00,3.67,351,0
09/05/2022 19:30,3.67,353.8,0
09/05/2022 20:00,3.01,346.8,0
09/05/2022 20:30,2,344,0
09/05/2022 21:00,1.67,314.5,0
09/05/2022 21:30,2,9.8,0
09/05/2022 22:00,1.34,25.3,0
09/05/2022 22:30,0.67,33.7,0
09/05/2022 23:00,0.33,16.8,0
09/05/2022 23:30,0.33,37.9,0
09/06/2022 00:00,0,42.1,0
09/06/2022 00:30,0,42.1,0
09/06/2022 01:00,0,46.3,0
09/06/2022 01:30,0,53.3,0
09/06/2022 02:00,0,53.3,0
09/06/2022 02:30,0.33,286.4,0
09/06/2022 03:00,0,273.8,0
09/06/2022 03:30,0.33,175.5,0
09/06/2022 04:00,0.67,147.4,0
09/06/2022 04:30,0.33,134.8,0
09/06/2022 05:00,0,134.8,0
09/06/2022 05:30,0.33,134.8,0
09/06/2022 06:00,0.33,71.6,0
09/06/2022 06:30,0,40.7,0
09/06/2022 07:00,0,32.3,0
09/06/2022 07:30,0,46.3,0
09/06/2022 08:00,1.34,268.1,0
09/06/2022 08:30,1.67,308.9,0
09/06/2022 09:00,2.34,1.4,0
09/06/2022 09:30,2.34,346.8,0
09/06/2022 10:00,3.01,353.8,0
09/06/2022 10:30,4.01,7,0
09/06/2022 11:00,4.68,15.4,0
09/06/2022 11:30,5.01,9.8,0
09/06/2022 12:00,5.34,14,0
09/06/2022 12:30,5.34,9.8,0
09/06/2022 13:00,6.01,12.6,0
09/06/2022 13:30,6.35,4.2,0
09/06/2022 14:00,6.35,8.4,0
09/06/2022 14:30,5.68,7,0
09/06/2022 15:00,6.01,14,0
09/06/2022 15:30,5.68,19.7,0
09/06/2022 16:00,5.68,12.6,0
09/06/2022 16:30,5.68,8.4,0
09/06/2022 17:00,5.34,14,0
09/06/2022 17:30,5.34,12.6,0
09/06/2022 18:00,4.68,1.4,0
09/06/2022 18:30,4.34,349.6,0
09/06/2022 19:00,3.67,349.6,0
09/06/2022 19:30,3.34,351,0
09/06/2022 20:00,2.67,332.7,0
09/06/2022 20:30,1.67,336.9,0
09/06/2022 21:00,2.34,0,0
09/06/2022 21:30,2,352.4,0
09/06/2022 22:00,1.34,28.1,0
09/06/2022 22:30,1,53.3,0
09/06/2022 23:00,0.33,53.3,0
09/06/2022 23:30,0.67,5.6,0
09/07/2022 00:00,1.34,26.7,0
09/07/2022 00:30,1.67,9.8,0
09/07/2022 01:00,1.34,332.7,0
09/07/2022 01:30,1,348.2,0
09/07/2022 02:00,1.34,46.3,0
09/07/2022 02:30,0.67,49.1,0
09/07/2022 03:00,0.67,70.2,0
09/07/2022 03:30,1,29.5,0
09/07/2022 04:00,1.34,1.4,0
09/07/2022 04:30,1,336.9,0
09/07/2022 05:00,1,26.7,0
09/07/2022 05:30,0.33,54.8,0
09/07/2022 06:00,0.67,28.1,0
09/07/2022 06:30,0.33,216.2,0
09/07/2022 07:00,0.67,117.9,0
09/07/2022 07:30,1,234.5,0
09/07/2022 08:00,1,134.8,0
09/07/2022 08:30,2,256.9,0
09/07/2022 09:00,1.67,262.5,0
09/07/2022 09:30,1.34,261.1,0
09/07/2022 10:00,1.34,259.7,0
09/07/2022 10:30,1.34,278,0
09/07/2022 11:00,2.67,12.6,0
09/07/2022 11:30,3.01,9.8,0
09/07/2022 12:00,3.01,1.4,0
09/07/2022 12:30,2.34,314.5,0
09/07/2022 13:00,2,353.8,0
09/07/2022 13:30,3.34,307.5,0
09/07/2022 14:00,2.67,329.9,0
09/07/2022 14:30,3.67,341.2,0
09/07/2022 15:00,5.01,355.2,0
09/07/2022 15:30,5.68,355.2,0
09/07/2022 16:00,5.34,4.2,0
09/07/2022 16:30,5.34,9.8,0
09/07/2022 17:00,5.34,5.6,0
09/07/2022 17:30,5.34,8.4,0
09/07/2022 18:00,4.01,346.8,0
09/07/2022 18:30,3.67,345.4,0
09/07/2022 19:00,3.34,342.6,0
09/07/2022 19:30,3.01,352.4,0
09/07/2022 20:00,3.01,1.4,0
09/07/2022 20:30,2.67,355.2,0
09/07/2022 21:00,2,23.9,0
09/07/2022 21:30,0.33,53.3,0
09/07/2022 22:00,0.33,70.2,0
09/07/2022 22:30,0.33,160,0
09/07/2022 23:00,0,168.5,0
09/07/2022 23:30,0,168.5,0
09/08/2022 00:00,0,168.5,0
09/08/2022 00:30,0.33,168.5,0
09/08/2022 01:00,0,168.5,0
09/08/2022 01:30,0.33,168.5,0
09/08/2022 02:00,0,168.5,0
09/08/2022 02:30,0.33,168.5,0
09/08/2022 03:00,0.33,168.5,0
09/08/2022 03:30,0.67,172.7,0
09/08/2022 04:00,1,165.7,0
09/08/2022 04:30,1,165.7,0
09/08/2022 05:00,1.34,160,0
09/08/2022 05:30,1.34,158.6,0
09/08/2022 06:00,1.67,164.3,0
09/08/2022 06:30,2,158.6,0
09/08/2022 07:00,1.67,162.9,0
09/08/2022 07:30,2.34,172.7,0
09/08/2022 08:00,1.67,186.7,0
09/08/2022 08:30,2,255.5,0
09/08/2022 09:00,3.01,262.5,0
09/08/2022 09:30,2,258.3,0
09/08/2022 10:00,3.01,7,0
09/08/2022 10:30,3.01,8.4,0
09/08/2022 11:00,3.34,8.4,0
09/08/2022 11:30,4.68,7,0
09/08/2022 12:00,5.34,4.2,0
09/08/2022 12:30,5.01,4.2,0
09/08/2022 13:00,4.34,355.2,0
09/08/2022 13:30,4.34,352.4,0
09/08/2022 14:00,4.68,2.8,0
09/08/2022 14:30,4.68,355.2,0
09/08/2022 15:00,5.34,5.6,0
09/08/2022 15:30,5.68,2.8,0
09/08/2022 16:00,5.68,9.8,0
09/08/2022 16:30,5.01,5.6,0
09/08/2022 17:00,5.68,5.6,0
09/08/2022 17:30,5.34,2.8,0
09/08/2022 18:00,4.68,355.2,0
09/08/2022 18:30,4.01,349.6,0
09/08/2022 19:00,3.34,349.6,0
09/08/2022 19:30,3.01,345.4,0
09/08/2022 20:00,3.01,328.5,0
09/08/2022 20:30,1.67,308.9,0
09/08/2022 21:00,1.67,19.7,0
09/08/2022 21:30,0.67,36.5,0
09/08/2022 22:00,0.33,263.9,0
09/08/2022 22:30,0,266.7,0
09/08/2022 23:00,0,266.7,0
09/08/2022 23:30,0,266.7,0
09/09/2022 00:00,0,266.7,0
09/09/2022 00:30,0,266.7,0
09/09/2022 01:00,0,266.7,0
09/09/2022 01:30,0.33,266.7,0
09/09/2022 02:00,0.67,67.4,0
09/09/2022 02:30,0.67,77.2,0
09/09/2022 03:00,0,113.7,0
09/09/2022 03:30,0.33,136.2,0
09/09/2022 04:00,0.67,162.9,0
09/09/2022 04:30,1,203.6,0
09/09/2022 05:00,1,160,0
09/09/2022 05:30,1,167.1,0
09/09/2022 06:00,1.34,157.2,0
09/09/2022 06:30,1,155.8,0
09/09/2022 07:00,1.34,165.7,0
09/09/2022 07:30,1.34,155.8,0
09/09/2022 08:00,1.34,220.4,0
09/09/2022 08:30,2.67,248.5,0
09/09/2022 09:00,2.67,256.9,0
09/09/2022 09:30,2,273.8,0
09/09/2022 10:00,2.67,9.8,0
09/09/2022 10:30,3.34,7,0
09/09/2022 11:00,4.01,4.2,0
09/09/2022 11:30,4.68,4.2,0
09/09/2022 12:00,5.68,5.6,0
09/09/2022 12:30,5.01,355.2,0
09/09/2022 13:00,5.68,1.4,0
09/09/2022 13:30,5.68,2.8,0
09/09/2022 14:00,5.68,14,0
09/09/2022 14:30,6.35,21.1,0
09/09/2022 15:00,5.68,0,0
09/09/2022 15:30,5.68,0,0
09/09/2022 16:00,6.01,9.8,0
09/09/2022 16:30,6.01,11.2,0
09/09/2022 17:00,5.34,7,0
09/09/2022 17:30,5.34,4.2,0
09/09/2022 18:00,4.68,353.8,0
09/09/2022 18:30,3.34,338.3,0
09/09/2022 19:00,3.01,349.6,0
09/09/2022 19:30,2.34,336.9,0
09/09/2022 20:00,2,325.7,0
09/09/2022 20:30,2.67,339.7,0
09/09/2022 21:00,2.67,353.8,0
09/09/2022 21:30,2,7,0
09/09/2022 22:00,1.34,32.3,0
09/09/2022 22:30,0.67,30.9,0
09/09/2022 23:00,0,42.1,0
09/09/2022 23:30,0.33,42.1,0
09/10/2022 00:00,0,42.1,0
09/10/2022 00:30,0.67,57.6,0
09/10/2022 01:00,0.33,89.9,0
09/10/2022 01:30,0.33,89.9,0
09/10/2022 02:00,0,89.9,0
09/10/2022 02:30,0,89.9,0
09/10/2022 03:00,0,89.9,0
09/10/2022 03:30,0,89.9,0
09/10/2022 04:00,0,89.9,0
09/10/2022 04:30,0,89.9,0
09/10/2022 05:00,0.33,94.1,0
09/10/2022 05:30,0.33,153,0
09/10/2022 06:00,0.33,200.8,0
09/10/2022 06:30,0.33,196.5,0
09/10/2022 07:00,0.67,217.6,0
09/10/2022 07:30,1.34,249.9,0
09/10/2022 08:00,2,241.5,0
09/10/2022 08:30,2,262.5,0
09/10/2022 09:00,2.67,259.7,0
09/10/2022 09:30,2.67,7,0
09/10/2022 10:00,3.67,355.2,0
09/10/2022 10:30,4.01,353.8,0
09/10/2022 11:00,3.34,353.8,0
09/10/2022 11:30,4.68,7,0
09/10/2022 12:00,5.34,11.2,0
09/10/2022 12:30,5.34,7,0
09/10/2022 13:00,6.01,21.1,0
09/10/2022 13:30,5.68,15.4,0
09/10/2022 14:00,4.34,339.7,0
09/10/2022 14:30,7.68,273.8,0
09/10/2022 15:00,2.34,341.2,0
09/10/2022 15:30,2.67,345.4,0
09/10/2022 16:00,3.34,335.5,0
09/10/2022 16:30,4.01,1.4,0
09/10/2022 17:00,4.34,353.8,0
09/10/2022 17:30,4.34,355.2,0
09/10/2022 18:00,5.01,2.8,0
09/10/2022 18:30,4.01,353.8,0
09/10/2022 19:00,3.67,348.2,0
09/10/2022 19:30,2.67,346.8,0
09/10/2022 20:00,2,2.8,0
09/10/2022 20:30,2.34,5.6,0
09/10/2022 21:00,1.34,32.3,0
09/10/2022 21:30,1.34,23.9,0
09/10/2022 22:00,2,15.4,0
09/10/2022 22:30,2.67,1.4,0
09/10/2022 23:00,2,336.9,0
09/10/2022 23:30,2,303.2,0
09/11/2022 00:00,1.34,342.6,0
09/11/2022 00:30,1.67,334.1,0
09/11/2022 01:00,2.34,317.3,0
09/11/2022 01:30,2.34,341.2,0
09/11/2022 02:00,2,352.4,0
09/11/2022 02:30,2.34,344,0
09/11/2022 03:00,2,300.4,0
09/11/2022 03:30,2.34,320.1,0
09/11/2022 04:00,2,1.4,0
09/11/2022 04:30,1.34,30.9,0
09/11/2022 05:00,0.33,47.7,0
09/11/2022 05:30,0.33,47.7,0
09/11/2022 06:00,0.33,47.7,0
09/11/2022 06:30,0.67,160,0
09/11/2022 07:00,0.33,217.6,0
09/11/2022 07:30,0.33,219,0
09/11/2022 08:00,1.34,214.8,0
09/11/2022 08:30,2.67,251.3,0
09/11/2022 09:00,2,355.2,0
09/11/2022 09:30,3.34,9.8,0
09/11/2022 10:00,4.01,9.8,0
09/11/2022 10:30,4.34,8.4,0
09/11/2022 11:00,4.34,8.4,0
09/11/2022 11:30,4.68,5.6,0
09/11/2022 12:00,4.68,4.2,0
09/11/2022 12:30,5.34,8.4,0
09/11/2022 13:00,5.01,8.4,0
09/11/2022 13:30,4.34,355.2,0
09/11/2022 14:00,4.34,355.2,0
09/11/2022 14:30,4.68,353.8,0
09/11/2022 15:00,4.34,1.4,0
09/11/2022 15:30,4.68,355.2,0
09/11/2022 16:00,5.01,5.6,0
09/11/2022 16:30,5.34,1.4,0
09/11/2022 17:00,4.34,355.2,0
09/11/2022 17:30,4.01,352.4,0
09/11/2022 18:00,5.01,2.8,0
09/11/2022 18:30,5.34,11.2,0
09/11/2022 19:00,3.67,283.6,0
09/11/2022 19:30,2.67,306.1,0
09/11/2022 20:00,3.34,0,0
09/11/2022 20:30,2.67,11.2,0
09/11/2022 21:00,1.67,11.2,0
09/11/2022 21:30,1.67,36.5,0
09/11/2022 22:00,0.67,26.7,0
09/11/2022 22:30,0.33,25.3,0
09/11/2022 23:00,0.33,25.3,0
09/11/2022 23:30,0.67,35.1,0
09/12/2022 00:00,0.33,47.7,0
09/12/2022 00:30,0.33,47.7,0
09/12/2022 01:00,0.33,47.7,0
09/12/2022 01:30,1.67,19.7,0
09/12/2022 02:00,2.34,315.9,0
09/12/2022 02:30,2.67,280.8,0
09/12/2022 03:00,2.67,339.7,0
09/12/2022 03:30,2.34,325.7,0
09/12/2022 04:00,2,321.5,0
09/12/2022 04:30,2,351,0
09/12/2022 05:00,2,282.2,0
09/12/2022 05:30,1.34,335.5,0
09/12/2022 06:00,1,60.4,0
09/12/2022 06:30,0.33,174.1,0
09/12/2022 07:00,1,213.4,0
09/12/2022 07:30,0.67,224.6,0
09/12/2022 08:00,1.67,249.9,0
09/12/2022 08:30,2,0,0
09/12/2022 09:00,1.67,2.8,0
09/12/2022 09:30,2.34,1.4,0
09/12/2022 10:00,3.34,1.4,0
09/12/2022 10:30,3.34,353.8,0
09/12/2022 11:00,3.34,355.2,0
09/12/2022 11:30,4.01,7,0
09/12/2022 12:00,3.34,5.6,0
09/12/2022 12:30,3.67,7,0
09/12/2022 13:00,4.01,4.2,0
09/12/2022 13:30,3.34,348.2,0
09/12/2022 14:00,2.67,335.5,0
09/12/2022 14:30,3.34,332.7,0
09/12/2022 15:00,4.68,355.2,0
09/12/2022 15:30,5.34,4.2,0
09/12/2022 16:00,5.34,9.8,0
09/12/2022 16:30,5.01,7,0
09/12/2022 17:00,4.68,353.8,0
09/12/2022 17:30,4.34,355.2,0
09/12/2022 18:00,3.34,339.7,0
09/12/2022 18:30,2.67,334.1,0
09/12/2022 19:00,3.67,349.6,0
09/12/2022 19:30,2.67,342.6,0
09/12/2022 20:00,3.01,352.4,0
09/12/2022 20:30,2,334.1,0
09/12/2022 21:00,2,328.5,0
09/12/2022 21:30,3.01,299,0
09/12/2022 22:00,2.67,344,0
09/12/2022 22:30,2,321.5,0
09/12/2022 23:00,2.67,344,0
09/12/2022 23:30,2.67,271,0
09/13/22 12:00:00 AM,2,300.4,0
09/13/22 12:30:00 AM,3.01,282.2,0
09/13/22 01:00:00 AM,3.34,280.8,0
09/13/22 01:30:00 AM,2,294.8,0
09/13/22 02:00:00 AM,2.67,271,0
09/13/22 02:30:00 AM,1.67,306.1,0
09/13/22 03:00:00 AM,1.67,310.3,0
09/13/22 03:30:00 AM,2,351,0
09/13/22 04:00:00 AM,1.67,352.4,0
09/13/22 04:30:00 AM,0.33,25.3,0
09/13/22 05:00:00 AM,0.33,25.3,0
09/13/22 05:30:00 AM,0.33,53.3,0
09/13/22 06:00:00 AM,0.67,183.9,0
09/13/22 06:30:00 AM,0.67,161.5,0
09/13/22 07:00:00 AM,1,199.4,0
09/13/22 07:30:00 AM,1,216.2,0
09/13/22 08:00:00 AM,1.67,256.9,0
09/13/22 08:30:00 AM,2.34,256.9,0
09/13/22 09:00:00 AM,3.01,258.3,0
09/13/22 09:30:00 AM,2.34,259.7,0
09/13/22 10:00:00 AM,2,349.6,0
09/13/22 10:30:00 AM,2,7,0
09/13/22 11:00:00 AM,2.67,11.2,0
09/13/22 11:30:00 AM,3.01,5.6,0
09/13/22 12:00:00 PM,3.34,9.8,0
09/13/22 12:30:00 PM,3.34,8.4,0
09/13/22 01:00:00 PM,4.01,0,0
09/13/22 01:30:00 PM,3.67,1.4,0
09/13/22 02:00:00 PM,3.34,352.4,0
09/13/22 02:30:00 PM,4.68,355.2,0
09/13/22 03:00:00 PM,4.34,349.6,0
09/13/22 03:30:00 PM,3.34,351,0
09/13/22 04:00:00 PM,3.67,352.4,0
09/13/22 04:30:00 PM,4.01,355.2,0
09/13/22 05:00:00 PM,4.01,355.2,0
09/13/22 05:30:00 PM,4.34,355.2,0
09/13/22 06:00:00 PM,2.67,334.1,0
09/13/22 06:30:00 PM,3.01,352.4,0
09/13/22 07:00:00 PM,3.34,355.2,0
09/13/22 07:30:00 PM,2.34,355.2,0
09/13/22 08:00:00 PM,2,352.4,0
09/13/22 08:30:00 PM,1.67,0,0
09/13/22 09:00:00 PM,1.34,261.1,0
09/13/22 09:30:00 PM,1.34,292,0
09/13/22 10:00:00 PM,2.34,286.4,0
09/13/22 10:30:00 PM,2.67,292,0
09/13/22 11:00:00 PM,2.67,311.7,0
09/13/22 11:30:00 PM,2.67,285,0
09/14/22 12:00:00 AM,2.34,282.2,0
09/14/22 12:30:00 AM,2,313.1,0
09/14/22 01:00:00 AM,1.67,344,0
09/14/22 01:30:00 AM,2,332.7,0
09/14/22 02:00:00 AM,2,355.2,0
09/14/22 02:30:00 AM,1.34,2.8,0
09/14/22 03:00:00 AM,1,29.5,0
09/14/22 03:30:00 AM,0.33,42.1,0
09/14/22 04:00:00 AM,0,42.1,0
09/14/22 04:30:00 AM,1,169.9,0
09/14/22 05:00:00 AM,1,182.5,0
09/14/22 05:30:00 AM,0.67,168.5,0
09/14/22 06:00:00 AM,1.34,181.1,0
09/14/22 06:30:00 AM,1,188.1,0
09/14/22 07:00:00 AM,1.34,276.6,0
09/14/22 07:30:00 AM,1.34,346.8,0
09/14/22 08:00:00 AM,1.34,70.2,0
09/14/22 08:30:00 AM,2,39.3,0
09/14/22 09:00:00 AM,2.34,9.8,0
09/14/22 09:30:00 AM,1.34,12.6,0
09/14/22 10:00:00 AM,0.67,46.3,0
09/14/22 10:30:00 AM,1.67,11.2,0
09/14/22 11:00:00 AM,3.01,12.6,0
09/14/22 11:30:00 AM,3.67,7,0
09/14/22 12:00:00 PM,3.67,348.2,0
09/14/22 12:30:00 PM,4.01,0,0
09/14/22 01:00:00 PM,4.68,346.8,0
09/14/22 01:30:00 PM,4.34,304.7,0
09/14/22 02:00:00 PM,6.01,265.3,0
09/14/22 02:30:00 PM,2.67,278,0
09/14/22 03:00:00 PM,1.34,185.3,0
09/14/22 03:30:00 PM,1,153,0
09/14/22 04:00:00 PM,3.01,16.8,0
09/14/22 04:30:00 PM,4.01,345.4,0
09/14/22 05:00:00 PM,3.34,345.4,0
09/14/22 05:30:00 PM,3.34,345.4,0
09/14/22 06:00:00 PM,3.34,355.2,0
09/14/22 06:30:00 PM,1.67,0,0
09/14/22 07:00:00 PM,0.67,112.3,0
09/14/22 07:30:00 PM,0.33,151.6,0
09/14/22 08:00:00 PM,0.67,155.8,0
09/14/22 08:30:00 PM,0.33,297.6,0
09/14/22 09:00:00 PM,0.67,134.8,0
09/14/22 09:30:00 PM,0.33,168.5,0
09/14/22 10:00:00 PM,0,249.9,0
09/14/22 10:30:00 PM,0.33,198,0
09/14/22 11:00:00 PM,0.33,203.6,0
09/14/22 11:30:00 PM,0.33,224.6,0
09/15/22 12:00:00 AM,1,351,0
09/15/22 12:30:00 AM,0.67,22.5,0
09/15/22 01:00:00 AM,0.33,49.1,0
09/15/22 01:30:00 AM,0.33,7,0
09/15/22 02:00:00 AM,1,296.2,0
09/15/22 02:30:00 AM,0.33,313.1,0
09/15/22 03:00:00 AM,0,327.1,0
09/15/22 03:30:00 AM,0.67,7,0
09/15/22 04:00:00 AM,0.33,355.2,0
09/15/22 04:30:00 AM,0.67,11.2,0
09/15/22 05:00:00 AM,0,11.2,0
09/15/22 05:30:00 AM,0.33,11.2,0
09/15/22 06:00:00 AM,0.33,213.4,0
09/15/22 06:30:00 AM,0.33,233.1,0
09/15/22 07:00:00 AM,1.34,7,0
09/15/22 07:30:00 AM,1.67,11.2,0
09/15/22 08:00:00 AM,2,14,0
09/15/22 08:30:00 AM,2.34,14,0
09/15/22 09:00:00 AM,2,19.7,0
09/15/22 09:30:00 AM,2,30.9,0
09/15/22 10:00:00 AM,1.67,23.9,0
09/15/22 10:30:00 AM,2,8.4,0
09/15/22 11:00:00 AM,2.34,9.8,0
09/15/22 11:30:00 AM,2.34,2.8,0
09/15/22 12:00:00 PM,2.34,0,0
09/15/22 12:30:00 PM,3.34,355.2,0
09/15/22 01:00:00 PM,3.34,345.4,0
09/15/22 01:30:00 PM,4.01,349.6,0
09/15/22 02:00:00 PM,4.68,4.2,0
09/15/22 02:30:00 PM,5.68,1.4,0
09/15/22 03:00:00 PM,3.34,336.9,0
09/15/22 03:30:00 PM,4.34,353.8,0
09/15/22 04:00:00 PM,3.01,346.8,0
09/15/22 04:30:00 PM,3.34,278,0
09/15/22 05:00:00 PM,2,306.1,0
09/15/22 05:30:00 PM,2.34,7,0
09/15/22 06:00:00 PM,1.34,35.1,0
09/15/22 06:30:00 PM,0.67,110.9,0
09/15/22 07:00:00 PM,0,109.5,0
09/15/22 07:30:00 PM,1.34,50.5,0
09/15/22 08:00:00 PM,1.34,1.4,0
09/15/22 08:30:00 PM,2,352.4,0
09/15/22 09:00:00 PM,1,29.5,0
09/15/22 09:30:00 PM,0.67,40.7,0
09/15/22 10:00:00 PM,0.33,47.7,0
09/15/22 10:30:00 PM,0.33,50.5,0
09/15/22 11:00:00 PM,0.33,54.8,0
09/15/22 11:30:00 PM,0.67,26.7,0
09/16/22 12:00:00 AM,0.33,262.5,0
09/16/22 12:30:00 AM,0.67,235.9,0
09/16/22 01:00:00 AM,1,192.3,0
09/16/22 01:30:00 AM,1.67,262.5,0
09/16/22 02:00:00 AM,2.34,259.7,0
09/16/22 02:30:00 AM,1.67,195.1,0
09/16/22 03:00:00 AM,1.34,248.5,0
09/16/22 03:30:00 AM,1.34,175.5,0
09/16/22 04:00:00 AM,1.34,223.2,0
09/16/22 04:30:00 AM,2.34,247.1,0
09/16/22 05:00:00 AM,2,223.2,0
09/16/22 05:30:00 AM,2,259.7,0
09/16/22 06:00:00 AM,2,195.1,0
09/16/22 06:30:00 AM,1.34,199.4,0
09/16/22 07:00:00 AM,1.67,210.6,0
09/16/22 07:30:00 AM,1.67,195.1,0
09/16/22 08:00:00 AM,1.34,192.3,0
09/16/22 08:30:00 AM,1.67,247.1,0
09/16/22 09:00:00 AM,2,256.9,0
09/16/22 09:30:00 AM,1.67,256.9,0
09/16/22 10:00:00 AM,2,261.1,0
09/16/22 10:30:00 AM,2,2.8,0
09/16/22 11:00:00 AM,3.01,7,0
09/16/22 11:30:00 AM,3.34,1.4,0
09/16/22 12:00:00 PM,4.34,9.8,0
09/16/22 12:30:00 PM,3.34,321.5,0
09/16/22 01:00:00 PM,5.34,271,0
09/16/22 01:30:00 PM,4.68,11.2,0
09/16/22 02:00:00 PM,4.01,4.2,0
09/16/22 02:30:00 PM,3.34,355.2,0
09/16/22 03:00:00 PM,3.67,11.2,0
09/16/22 03:30:00 PM,3.34,355.2,0
09/16/22 04:00:00 PM,3.34,346.8,0
09/16/22 04:30:00 PM,2.34,331.3,0
09/16/22 05:00:00 PM,4.34,278,0
09/16/22 05:30:00 PM,5.68,262.5,0
09/16/22 06:00:00 PM,1.67,255.5,0
09/16/22 06:30:00 PM,1.67,336.9,0
09/16/22 07:00:00 PM,1.67,16.8,0
09/16/22 07:30:00 PM,2,9.8,0
09/16/22 08:00:00 PM,1.34,35.1,0
09/16/22 08:30:00 PM,1,47.7,0
09/16/22 09:00:00 PM,1,29.5,0
09/16/22 09:30:00 PM,0.67,36.5,0
09/16/22 10:00:00 PM,0,37.9,0
09/16/22 10:30:00 PM,2,26.7,0
09/16/22 11:00:00 PM,2,346.8,0
09/16/22 11:30:00 PM,2.67,1.4,0
09/17/22 12:00:00 AM,3.01,346.8,0
09/17/22 12:30:00 AM,2,335.5,0
09/17/22 01:00:00 AM,3.01,339.7,0
09/17/22 01:30:00 AM,2.67,349.6,0
09/17/22 02:00:00 AM,2.34,304.7,0
09/17/22 02:30:00 AM,2.67,344,0
09/17/22 03:00:00 AM,1.67,126.4,0
09/17/22 03:30:00 AM,0.33,110.9,0
09/17/22 04:00:00 AM,0.33,147.4,0
09/17/22 04:30:00 AM,0.67,237.3,0
09/17/22 05:00:00 AM,0.33,247.1,0
09/17/22 05:30:00 AM,0.33,247.1,0
09/17/22 06:00:00 AM,0.33,247.1,0
09/17/22 06:30:00 AM,0.33,247.1,0
09/17/22 07:00:00 AM,0.33,248.5,0
09/17/22 07:30:00 AM,1,2.8,0
09/17/22 08:00:00 AM,2.34,348.2,0
09/17/22 08:30:00 AM,2.67,334.1,0
09/17/22 09:00:00 AM,3.01,0,0
09/17/22 09:30:00 AM,2.67,7,0
09/17/22 10:00:00 AM,2.67,7,0
09/17/22 10:30:00 AM,2.67,11.2,0
09/17/22 11:00:00 AM,3.67,2.8,0
09/17/22 11:30:00 AM,3.67,334.1,0
09/17/22 12:00:00 PM,3.67,315.9,0
09/17/22 12:30:00 PM,4.34,328.5,0
09/17/22 01:00:00 PM,5.68,5.6,0
09/17/22 01:30:00 PM,3.34,341.2,0
09/17/22 02:00:00 PM,3.34,342.6,0
09/17/22 02:30:00 PM,3.67,310.3,0
09/17/22 03:00:00 PM,5.34,344,0
09/17/22 03:30:00 PM,4.34,303.2,0
09/17/22 04:00:00 PM,5.68,4.2,0
09/17/22 04:30:00 PM,5.34,351,0
09/17/22 05:00:00 PM,4.68,355.2,0
09/17/22 05:30:00 PM,4.01,299,0
09/17/22 06:00:00 PM,3.01,346.8,0
09/17/22 06:30:00 PM,3.01,322.9,0
09/17/22 07:00:00 PM,3.34,324.3,0
09/17/22 07:30:00 PM,4.34,352.4,0
09/17/22 08:00:00 PM,4.34,351,0
09/17/22 08:30:00 PM,4.68,353.8,0
09/17/22 09:00:00 PM,3.34,348.2,0
09/17/22 09:30:00 PM,2.34,352.4,0
09/17/22 10:00:00 PM,2.34,12.6,0
09/17/22 10:30:00 PM,1.67,44.9,0
09/17/22 11:00:00 PM,0,89.9,0
09/17/22 11:30:00 PM,0.33,89.9,0
09/18/22 12:00:00 AM,0.67,77.2,0
09/18/22 12:30:00 AM,0.33,98.3,0
09/18/22 01:00:00 AM,0.33,105.3,0
09/18/22 01:30:00 AM,0.33,241.5,0
09/18/22 02:00:00 AM,0.33,271,0
09/18/22 02:30:00 AM,0.33,344,0
09/18/22 03:00:00 AM,0.33,346.8,0
09/18/22 03:30:00 AM,0.33,346.8,0
09/18/22 04:00:00 AM,0.67,346.8,0
09/18/22 04:30:00 AM,0,346.8,0
09/18/22 05:00:00 AM,0,345.4,0
09/18/22 05:30:00 AM,0.67,227.4,0
09/18/22 06:00:00 AM,0.67,205,0
09/18/22 06:30:00 AM,1,181.1,0
09/18/22 07:00:00 AM,0.67,94.1,0
09/18/22 07:30:00 AM,0.33,87,0
09/18/22 08:00:00 AM,1,334.1,0
09/18/22 08:30:00 AM,2.34,339.7,0
09/18/22 09:00:00 AM,2.67,8.4,0
09/18/22 09:30:00 AM,1.67,9.8,0
09/18/22 10:00:00 AM,2,14,0
09/18/22 10:30:00 AM,2.67,11.2,0
09/18/22 11:00:00 AM,3.34,7,0
09/18/22 11:30:00 AM,4.01,8.4,0
09/18/22 12:00:00 PM,4.34,9.8,0
09/18/22 12:30:00 PM,5.01,12.6,0
09/18/22 01:00:00 PM,5.01,15.4,0
09/18/22 01:30:00 PM,5.68,9.8,0
09/18/22 02:00:00 PM,6.01,4.2,0
09/18/22 02:30:00 PM,6.01,2.8,0
09/18/22 03:00:00 PM,5.68,8.4,0
09/18/22 03:30:00 PM,5.34,14,0
09/18/22 04:00:00 PM,5.01,18.3,0
09/18/22 04:30:00 PM,5.34,18.3,0
09/18/22 05:00:00 PM,5.01,7,0
09/18/22 05:30:00 PM,4.68,355.2,0
09/18/22 06:00:00 PM,4.34,355.2,0
09/18/22 06:30:00 PM,3.67,349.6,0
09/18/22 07:00:00 PM,3.34,355.2,0
09/18/22 07:30:00 PM,3.01,345.4,0
09/18/22 08:00:00 PM,2.67,346.8,0
09/18/22 08:30:00 PM,2,353.8,0
09/18/22 09:00:00 PM,1.67,7,0
09/18/22 09:30:00 PM,0.67,57.6,0
09/18/22 10:00:00 PM,0,56.2,0
09/18/22 10:30:00 PM,0.33,56.2,0
09/18/22 11:00:00 PM,0.67,56.2,0
09/18/22 11:30:00 PM,0,56.2,0
09/19/22 12:00:00 AM,0,56.2,0
09/19/22 12:30:00 AM,0.33,56.2,0
09/19/22 01:00:00 AM,0.33,150.2,0
09/19/22 01:30:00 AM,0.67,167.1,0
09/19/22 02:00:00 AM,0.67,162.9,0
09/19/22 02:30:00 AM,1,162.9,0
09/19/22 03:00:00 AM,1,157.2,0
09/19/22 03:30:00 AM,1.34,154.4,0
09/19/22 04:00:00 AM,1.34,160,0
09/19/22 04:30:00 AM,1.34,167.1,0
09/19/22 05:00:00 AM,1.67,169.9,0
09/19/22 05:30:00 AM,1.34,195.1,0
09/19/22 06:00:00 AM,2,165.7,0
09/19/22 06:30:00 AM,2,174.1,0
09/19/22 07:00:00 AM,2,178.3,0
09/19/22 07:30:00 AM,1.34,164.3,0
09/19/22 08:00:00 AM,1.34,178.3,0
09/19/22 08:30:00 AM,1.67,258.3,0
09/19/22 09:00:00 AM,3.01,259.7,0
09/19/22 09:30:00 AM,2.67,258.3,0
09/19/22 10:00:00 AM,2,334.1,0
09/19/22 10:30:00 AM,2.67,353.8,0
09/19/22 11:00:00 AM,3.34,2.8,0
09/19/22 11:30:00 AM,4.01,14,0
09/19/22 12:00:00 PM,4.34,11.2,0
09/19/22 12:30:00 PM,4.01,8.4,0
09/19/22 01:00:00 PM,4.34,8.4,0
09/19/22 01:30:00 PM,5.34,9.8,0
09/19/22 02:00:00 PM,4.68,8.4,0
09/19/22 02:30:00 PM,4.68,352.4,0
09/19/22 03:00:00 PM,5.68,279.4,0
09/19/22 03:30:00 PM,4.01,355.2,0
09/19/22 04:00:00 PM,4.34,328.5,0
09/19/22 04:30:00 PM,7.35,265.3,0
09/19/22 05:00:00 PM,5.01,265.3,0
09/19/22 05:30:00 PM,4.34,306.1,0
09/19/22 06:00:00 PM,4.34,287.8,0
09/19/22 06:30:00 PM,4.34,280.8,0
09/19/22 07:00:00 PM,2,12.6,0
09/19/22 07:30:00 PM,2,19.7,0
09/19/22 08:00:00 PM,0.67,18.3,0
09/19/22 08:30:00 PM,0.67,172.7,0
09/19/22 09:00:00 PM,0.33,137.6,0
09/19/22 09:30:00 PM,0.67,155.8,0
09/19/22 10:00:00 PM,0,172.7,0
09/19/22 10:30:00 PM,0.67,154.4,0
09/19/22 11:00:00 PM,0.67,117.9,0
09/19/22 11:30:00 PM,1,21.1,0
09/20/22 12:00:00 AM,0.67,349.6,0
09/20/22 12:30:00 AM,1.34,355.2,0
09/20/22 01:00:00 AM,0.33,82.8,0
09/20/22 01:30:00 AM,1,286.4,0
09/20/22 02:00:00 AM,1.34,345.4,0
09/20/22 02:30:00 AM,2.67,348.2,0
09/20/22 03:00:00 AM,2,19.7,0
09/20/22 03:30:00 AM,1.67,8.4,0
09/20/22 04:00:00 AM,1.67,7,0
09/20/22 04:30:00 AM,2.34,355.2,0
09/20/22 05:00:00 AM,2.67,2.8,0
09/20/22 05:30:00 AM,2,7,0
09/20/22 06:00:00 AM,1.34,2.8,0
09/20/22 06:30:00 AM,1.34,14,0
09/20/22 07:00:00 AM,1.34,28.1,0
09/20/22 07:30:00 AM,1,19.7,0
09/20/22 08:00:00 AM,1,42.1,0
09/20/22 08:30:00 AM,0.33,42.1,0
09/20/22 09:00:00 AM,0.33,37.9,0
09/20/22 09:30:00 AM,0.67,271,0
09/20/22 10:00:00 AM,1.67,15.4,0
09/20/22 10:30:00 AM,2.34,9.8,0
09/20/22 11:00:00 AM,2.67,4.2,0
09/20/22 11:30:00 AM,2.34,355.2,0
09/20/22 12:00:00 PM,2.67,0,0
09/20/22 12:30:00 PM,3.34,348.2,0
09/20/22 01:00:00 PM,3.67,351,0
09/20/22 01:30:00 PM,3.67,0,0
09/20/22 02:00:00 PM,3.67,4.2,0
09/20/22 02:30:00 PM,3.67,1.4,0
09/20/22 03:00:00 PM,3.67,2.8,0
09/20/22 03:30:00 PM,3.34,4.2,0
09/20/22 04:00:00 PM,2.67,352.4,0
09/20/22 04:30:00 PM,2.67,341.2,0
09/20/22 05:00:00 PM,2.34,310.3,0
09/20/22 05:30:00 PM,2.34,273.8,0
09/20/22 06:00:00 PM,2.67,280.8,0
09/20/22 06:30:00 PM,0.67,9.8,0
09/20/22 07:00:00 PM,0,15.4,0
09/20/22 07:30:00 PM,0.33,51.9,0
09/20/22 08:00:00 PM,0.67,189.5,0
09/20/22 08:30:00 PM,0.33,165.7,0
09/20/22 09:00:00 PM,0.33,214.8,0
09/20/22 09:30:00 PM,1.34,26.7,0
09/20/22 10:00:00 PM,1.67,11.2,0
09/20/22 10:30:00 PM,1.34,7,0
09/20/22 11:00:00 PM,0.67,23.9,0
09/20/22 11:30:00 PM,1,16.8,0
09/21/22 12:00:00 AM,2,344,0
09/21/22 12:30:00 AM,2.34,4.2,0
09/21/22 01:00:00 AM,1.67,335.5,0
09/21/22 01:30:00 AM,1,4.2,0
09/21/22 02:00:00 AM,1,8.4,0
09/21/22 02:30:00 AM,2.67,355.2,0
09/21/22 03:00:00 AM,2.34,351,0
09/21/22 03:30:00 AM,2,355.2,0
09/21/22 04:00:00 AM,2,5.6,0
09/21/22 04:30:00 AM,1.34,9.8,0
09/21/22 05:00:00 AM,1.67,9.8,0
09/21/22 05:30:00 AM,1.67,4.2,0
09/21/22 06:00:00 AM,1.67,2.8,0
09/21/22 06:30:00 AM,1,47.7,0
09/21/22 07:00:00 AM,1,37.9,0
09/21/22 07:30:00 AM,1,29.5,0
09/21/22 08:00:00 AM,0.67,37.9,0
09/21/22 08:30:00 AM,2,8.4,0
09/21/22 09:00:00 AM,2.34,7,0
09/21/22 09:30:00 AM,2,348.2,0
09/21/22 10:00:00 AM,1.34,23.9,0
09/21/22 10:30:00 AM,1.67,18.3,0
09/21/22 11:00:00 AM,1,351,0
09/21/22 11:30:00 AM,2.34,16.8,0
09/21/22 12:00:00 PM,2.34,11.2,0
09/21/22 12:30:00 PM,2.34,7,0
09/21/22 01:00:00 PM,1.34,349.6,0
09/21/22 01:30:00 PM,3.34,355.2,0
09/21/22 02:00:00 PM,4.01,5.6,0
09/21/22 02:30:00 PM,4.01,8.4,0
09/21/22 03:00:00 PM,4.34,8.4,0
09/21/22 03:30:00 PM,3.01,5.6,0
09/21/22 04:00:00 PM,2.34,12.6,0
09/21/22 04:30:00 PM,3.01,22.5,0
09/21/22 05:00:00 PM,2.67,7,0
09/21/22 05:30:00 PM,2.67,351,0
09/21/22 06:00:00 PM,2.34,9.8,0
09/21/22 06:30:00 PM,2,21.1,0
09/21/22 07:00:00 PM,1.67,7,0
09/21/22 07:30:00 PM,1.67,18.3,0
09/21/22 08:00:00 PM,1.67,4.2,0
09/21/22 08:30:00 PM,2,355.2,0
09/21/22 09:00:00 PM,1.67,18.3,0
09/21/22 09:30:00 PM,1.67,39.3,0
09/21/22 10:00:00 PM,1,16.8,0
09/21/22 10:30:00 PM,0.33,25.3,0
09/21/22 11:00:00 PM,0.33,21.1,0
09/21/22 11:30:00 PM,1.67,18.3,0
09/22/22 12:00:00 AM,1,1.4,0
09/22/22 12:30:00 AM,0.67,2.8,0
09/22/22 01:00:00 AM,0.67,2.8,0
09/22/22 01:30:00 AM,1.34,12.6,0
09/22/22 02:00:00 AM,0.67,9.8,0
09/22/22 02:30:00 AM,0.67,22.5,0
09/22/22 03:00:00 AM,0.33,40.7,0
09/22/22 03:30:00 AM,0.33,40.7,0
09/22/22 04:00:00 AM,0,40.7,0
09/22/22 04:30:00 AM,0.67,40.7,0
09/22/22 05:00:00 AM,0.67,25.3,0
09/22/22 05:30:00 AM,1.34,348.2,0
09/22/22 06:00:00 AM,1,18.3,0
09/22/22 06:30:00 AM,0.67,33.7,0
09/22/22 07:00:00 AM,0.67,43.5,0
09/22/22 07:30:00 AM,0.67,40.7,0
09/22/22 08:00:00 AM,0.67,47.7,0
09/22/22 08:30:00 AM,1.34,33.7,0
09/22/22 09:00:00 AM,1.67,15.4,0
09/22/22 09:30:00 AM,1.34,32.3,0
09/22/22 10:00:00 AM,2.34,355.2,0
09/22/22 10:30:00 AM,2.67,346.8,0
09/22/22 11:00:00 AM,2.34,325.7,0
09/22/22 11:30:00 AM,2,342.6,0
09/22/22 12:00:00 PM,2,353.8,0
09/22/22 12:30:00 PM,1.34,44.9,0
09/22/22 01:00:00 PM,4.34,348.2,0
09/22/22 01:30:00 PM,3.34,353.8,0
09/22/22 02:00:00 PM,3.34,320.1,0
09/22/22 02:30:00 PM,3.01,341.2,0
09/22/22 03:00:00 PM,3.01,348.2,0
09/22/22 03:30:00 PM,4.34,345.4,0
09/22/22 04:00:00 PM,3.34,342.6,0
09/22/22 04:30:00 PM,3.34,352.4,0
09/22/22 05:00:00 PM,3.01,355.2,0
09/22/22 05:30:00 PM,2.34,327.1,0
09/22/22 06:00:00 PM,3.01,1.4,0
09/22/22 06:30:00 PM,1.67,342.6,0
09/22/22 07:00:00 PM,2,352.4,0
09/22/22 07:30:00 PM,1.67,349.6,0
09/22/22 08:00:00 PM,0.67,70.2,0
09/22/22 08:30:00 PM,0.33,136.2,0
09/22/22 09:00:00 PM,0.67,271,0
09/22/22 09:30:00 PM,0.33,219,0
09/22/22 10:00:00 PM,1,71.6,0
09/22/22 10:30:00 PM,0.67,115.1,0
09/22/22 11:00:00 PM,0.33,87,0
09/22/22 11:30:00 PM,1,96.9,0
09/23/22 12:00:00 AM,0.33,255.5,0
09/23/22 12:30:00 AM,0,255.5,0
09/23/22 01:00:00 AM,0.33,178.3,0
09/23/22 01:30:00 AM,0.67,193.7,0
09/23/22 02:00:00 AM,0.33,247.1,0
09/23/22 02:30:00 AM,0.67,247.1,0
09/23/22 03:00:00 AM,0,247.1,0
09/23/22 03:30:00 AM,0.33,233.1,0
09/23/22 04:00:00 AM,1,178.3,0
09/23/22 04:30:00 AM,0.67,164.3,0
09/23/22 05:00:00 AM,0.67,101.1,0
09/23/22 05:30:00 AM,0.67,217.6,0
09/23/22 06:00:00 AM,1,219,0
09/23/22 06:30:00 AM,1.34,80,0
09/23/22 07:00:00 AM,0.33,37.9,0
09/23/22 07:30:00 AM,0.33,42.1,0
09/23/22 08:00:00 AM,0,42.1,0
09/23/22 08:30:00 AM,0.67,36.5,0
09/23/22 09:00:00 AM,1,39.3,0
09/23/22 09:30:00 AM,1.67,8.4,0
09/23/22 10:00:00 AM,2,0,0
09/23/22 10:30:00 AM,3.01,1.4,0
09/23/22 11:00:00 AM,3.01,353.8,0
09/23/22 11:30:00 AM,3.34,348.2,0
09/23/22 12:00:00 PM,3.34,345.4,0
09/23/22 12:30:00 PM,4.34,355.2,0
09/23/22 01:00:00 PM,4.01,351,0
09/23/22 01:30:00 PM,3.67,344,0
09/23/22 02:00:00 PM,3.01,324.3,0
09/23/22 02:30:00 PM,4.01,344,0
09/23/22 03:00:00 PM,3.34,346.8,0
09/23/22 03:30:00 PM,2.67,311.7,0
09/23/22 04:00:00 PM,4.01,346.8,0
09/23/22 04:30:00 PM,3.67,346.8,0
09/23/22 05:00:00 PM,3.01,355.2,0
09/23/22 05:30:00 PM,1.67,332.7,0
09/23/22 06:00:00 PM,2.67,336.9,0
09/23/22 06:30:00 PM,3.01,335.5,0
09/23/22 07:00:00 PM,3.01,346.8,0
09/23/22 07:30:00 PM,3.01,320.1,0
09/23/22 08:00:00 PM,2.67,336.9,0
09/23/22 08:30:00 PM,2.34,345.4,0
09/23/22 09:00:00 PM,2.67,344,0
09/23/22 09:30:00 PM,2.34,348.2,0
09/23/22 10:00:00 PM,2,0,0
09/23/22 10:30:00 PM,1.67,21.1,0
09/23/22 11:00:00 PM,0.33,47.7,0
09/23/22 11:30:00 PM,0.33,54.8,0
09/24/22 12:00:00 AM,0,54.8,0
09/24/22 12:30:00 AM,0.33,162.9,0
09/24/22 01:00:00 AM,0.33,178.3,0
09/24/22 01:30:00 AM,1,181.1,0
09/24/22 02:00:00 AM,0.67,186.7,0
09/24/22 02:30:00 AM,0.67,161.5,0
09/24/22 03:00:00 AM,1,216.2,0
09/24/22 03:30:00 AM,0.67,158.6,0
09/24/22 04:00:00 AM,0.67,202.2,0
09/24/22 04:30:00 AM,1,196.5,0
09/24/22 05:00:00 AM,1.34,178.3,0
09/24/22 05:30:00 AM,1,140.4,0
09/24/22 06:00:00 AM,1.67,241.5,0
09/24/22 06:30:00 AM,2,268.1,0
09/24/22 07:00:00 AM,1.34,42.1,0
09/24/22 07:30:00 AM,0.67,57.6,0
09/24/22 08:00:00 AM,0.67,37.9,0
09/24/22 08:30:00 AM,1.67,15.4,0
09/24/22 09:00:00 AM,1.67,2.8,0
09/24/22 09:30:00 AM,2.34,15.4,0
09/24/22 10:00:00 AM,2.34,9.8,0
09/24/22 10:30:00 AM,2,349.6,0
09/24/22 11:00:00 AM,2,355.2,0
09/24/22 11:30:00 AM,2.67,7,0
09/24/22 12:00:00 PM,2.34,4.2,0
09/24/22 12:30:00 PM,2.34,5.6,0
09/24/22 01:00:00 PM,2.34,8.4,0
09/24/22 01:30:00 PM,3.01,355.2,0
09/24/22 02:00:00 PM,4.01,349.6,0
09/24/22 02:30:00 PM,3.01,344,0
09/24/22 03:00:00 PM,3.01,349.6,0
09/24/22 03:30:00 PM,3.34,348.2,0
09/24/22 04:00:00 PM,3.01,346.8,0
09/24/22 04:30:00 PM,3.34,348.2,0
09/24/22 05:00:00 PM,3.01,0,0
09/24/22 05:30:00 PM,2.67,355.2,0
09/24/22 06:00:00 PM,2.34,355.2,0
09/24/22 06:30:00 PM,2.34,355.2,0
09/24/22 07:00:00 PM,2,331.3,0
09/24/22 07:30:00 PM,1.67,352.4,0
09/24/22 08:00:00 PM,1.34,272.4,0
09/24/22 08:30:00 PM,1,271,0
09/24/22 09:00:00 PM,0.33,94.1,0
09/24/22 09:30:00 PM,0.67,199.4,0
09/24/22 10:00:00 PM,1,240.1,0
09/24/22 10:30:00 PM,0.33,193.7,0
09/24/22 11:00:00 PM,0.33,144.6,0
09/24/22 11:30:00 PM,0,144.6,0
09/25/22 12:00:00 AM,0.33,146,0
09/25/22 12:30:00 AM,0.33,169.9,0
09/25/22 01:00:00 AM,0.67,168.5,0
09/25/22 01:30:00 AM,0.67,164.3,0
09/25/22 02:00:00 AM,1,171.3,0
09/25/22 02:30:00 AM,0.67,164.3,0
09/25/22 03:00:00 AM,0.67,158.6,0
09/25/22 03:30:00 AM,1,162.9,0
09/25/22 04:00:00 AM,1,169.9,0
09/25/22 04:30:00 AM,1.34,181.1,0
09/25/22 05:00:00 AM,1,171.3,0
09/25/22 05:30:00 AM,1,169.9,0
09/25/22 06:00:00 AM,0.33,171.3,0
09/25/22 06:30:00 AM,0.33,144.6,0
09/25/22 07:00:00 AM,0.67,226,0
09/25/22 07:30:00 AM,2.67,32.3,0
09/25/22 08:00:00 AM,1.34,11.2,0
09/25/22 08:30:00 AM,1.67,16.8,0
09/25/22 09:00:00 AM,1,122.1,0
09/25/22 09:30:00 AM,0.67,262.5,0
09/25/22 10:00:00 AM,0.67,209.2,0
09/25/22 10:30:00 AM,0.67,68.8,0
09/25/22 11:00:00 AM,2.34,14,0
09/25/22 11:30:00 AM,1.67,8.4,0
09/25/22 12:00:00 PM,3.01,320.1,0
09/25/22 12:30:00 PM,3.34,311.7,0
09/25/22 01:00:00 PM,3.01,286.4,0
09/25/22 01:30:00 PM,2,265.3,0
09/25/22 02:00:00 PM,1,299,0
09/25/22 02:30:00 PM,1,172.7,0
09/25/22 03:00:00 PM,3.01,324.3,0
09/25/22 03:30:00 PM,3.67,297.6,0
09/25/22 04:00:00 PM,4.68,283.6,0
09/25/22 04:30:00 PM,3.34,280.8,0
09/25/22 05:00:00 PM,4.01,301.8,0
09/25/22 05:30:00 PM,4.68,286.4,0
09/25/22 06:00:00 PM,3.34,313.1,0
09/25/22 06:30:00 PM,2.67,11.2,0
09/25/22 07:00:00 PM,3.01,0,0
09/25/22 07:30:00 PM,3.01,335.5,0
09/25/22 08:00:00 PM,4.01,325.7,0
09/25/22 08:30:00 PM,3.01,329.9,0
09/25/22 09:00:00 PM,2.34,355.2,0
09/25/22 09:30:00 PM,2.67,348.2,0
09/25/22 10:00:00 PM,1.34,36.5,0
09/25/22 10:30:00 PM,0.67,168.5,0
09/25/22 11:00:00 PM,1,345.4,0
09/25/22 11:30:00 PM,0.33,14,0
09/26/22 12:00:00 AM,2,352.4,0
09/26/22 12:30:00 AM,2.34,355.2,0
09/26/22 01:00:00 AM,1.34,7,0
09/26/22 01:30:00 AM,1,7,0
09/26/22 02:00:00 AM,1,2.8,0
09/26/22 02:30:00 AM,1.34,21.1,0
09/26/22 03:00:00 AM,0.67,28.1,0
09/26/22 03:30:00 AM,0.33,30.9,0
09/26/22 04:00:00 AM,0.67,146,0
09/26/22 04:30:00 AM,2,245.7,0
09/26/22 05:00:00 AM,2.34,237.3,0
09/26/22 05:30:00 AM,2,245.7,0
09/26/22 06:00:00 AM,1.34,224.6,0
09/26/22 06:30:00 AM,1.67,210.6,0
09/26/22 07:00:00 AM,1.67,254.1,0
09/26/22 07:30:00 AM,3.01,252.7,0
09/26/22 08:00:00 AM,2.67,244.3,0
09/26/22 08:30:00 AM,2.34,244.3,0
09/26/22 09:00:00 AM,2.67,234.5,0
09/26/22 09:30:00 AM,2.67,247.1,0
09/26/22 10:00:00 AM,2.34,271,0
09/26/22 10:30:00 AM,2,258.3,0
09/26/22 11:00:00 AM,1.34,261.1,0
09/26/22 11:30:00 AM,1.67,336.9,0
09/26/22 12:00:00 PM,3.01,18.3,0
09/26/22 12:30:00 PM,3.01,355.2,0
09/26/22 01:00:00 PM,2.67,1.4,0
09/26/22 01:30:00 PM,3.01,22.5,0
09/26/22 02:00:00 PM,3.34,14,0
09/26/22 02:30:00 PM,2.67,12.6,0
09/26/22 03:00:00 PM,3.34,18.3,0
09/26/22 03:30:00 PM,4.01,12.6,0
09/26/22 04:00:00 PM,4.01,18.3,0
09/26/22 04:30:00 PM,3.34,9.8,0
09/26/22 05:00:00 PM,3.01,1.4,0
09/26/22 05:30:00 PM,2.67,348.2,0
09/26/22 06:00:00 PM,2,353.8,0
09/26/22 06:30:00 PM,1.34,355.2,0
09/26/22 07:00:00 PM,0.67,306.1,0
09/26/22 07:30:00 PM,0.67,300.4,0
09/26/22 08:00:00 PM,1,301.8,0
09/26/22 08:30:00 PM,1.34,254.1,0
09/26/22 09:00:00 PM,2.67,240.1,0
09/26/22 09:30:00 PM,2.67,221.8,0
09/26/22 10:00:00 PM,2,224.6,0
09/26/22 10:30:00 PM,1.34,216.2,0
09/26/22 11:00:00 PM,2.34,210.6,0
09/26/22 11:30:00 PM,1.67,202.2,0
09/27/22 12:00:00 AM,1.34,240.1,0
09/27/22 12:30:00 AM,2,231.6,0
09/27/22 01:00:00 AM,2.34,252.7,0
09/27/22 01:30:00 AM,2.34,237.3,0
09/27/22 02:00:00 AM,2.67,214.8,0
09/27/22 02:30:00 AM,2,183.9,0
09/27/22 03:00:00 AM,1.67,176.9,0
09/27/22 03:30:00 AM,2,196.5,0
09/27/22 04:00:00 AM,1.67,183.9,0
09/27/22 04:30:00 AM,1.67,172.7,0
09/27/22 05:00:00 AM,2.34,172.7,0
09/27/22 05:30:00 AM,1.67,179.7,0
09/27/22 06:00:00 AM,1.67,175.5,0
09/27/22 06:30:00 AM,2.34,189.5,0
09/27/22 07:00:00 AM,2.67,193.7,0
09/27/22 07:30:00 AM,2.34,203.6,0
09/27/22 08:00:00 AM,3.01,242.9,0
09/27/22 08:30:00 AM,3.67,256.9,0
09/27/22 09:00:00 AM,3.34,241.5,0
09/27/22 09:30:00 AM,3.34,261.1,0
09/27/22 10:00:00 AM,2.34,262.5,0
09/27/22 10:30:00 AM,1.67,276.6,0
09/27/22 11:00:00 AM,2,1.4,0
09/27/22 11:30:00 AM,3.01,7,0
09/27/22 12:00:00 PM,3.34,9.8,0
09/27/22 12:30:00 PM,4.01,15.4,0
09/27/22 01:00:00 PM,4.01,16.8,0
09/27/22 01:30:00 PM,4.68,9.8,0
09/27/22 02:00:00 PM,4.68,11.2,0
09/27/22 02:30:00 PM,5.01,15.4,0
09/27/22 03:00:00 PM,5.01,12.6,0
09/27/22 03:30:00 PM,4.68,11.2,0
09/27/22 04:00:00 PM,4.68,8.4,0
09/27/22 04:30:00 PM,4.68,14,0
09/27/22 05:00:00 PM,4.68,9.8,0
09/27/22 05:30:00 PM,4.68,7,0
09/27/22 06:00:00 PM,4.01,355.2,0
09/27/22 06:30:00 PM,2.34,329.9,0
09/27/22 07:00:00 PM,3.01,349.6,0
09/27/22 07:30:00 PM,2.34,355.2,0
09/27/22 08:00:00 PM,1.67,16.8,0
09/27/22 08:30:00 PM,1.34,28.1,0
09/27/22 09:00:00 PM,0,28.1,0
09/27/22 09:30:00 PM,0,28.1,0
09/27/22 10:00:00 PM,0,28.1,0
09/27/22 10:30:00 PM,0.33,28.1,0
09/27/22 11:00:00 PM,0.33,28.1,0
09/27/22 11:30:00 PM,1,320.1,0
09/28/22 12:00:00 AM,1,220.4,0
09/28/22 12:30:00 AM,1,176.9,0
09/28/22 01:00:00 AM,1,178.3,0
09/28/22 01:30:00 AM,1,167.1,0
09/28/22 02:00:00 AM,1,193.7,0
09/28/22 02:30:00 AM,1,176.9,0
09/28/22 03:00:00 AM,1.34,155.8,0
09/28/22 03:30:00 AM,1,165.7,0
09/28/22 04:00:00 AM,1.34,164.3,0
09/28/22 04:30:00 AM,1.34,169.9,0
09/28/22 05:00:00 AM,2,164.3,0
09/28/22 05:30:00 AM,2,175.5,0
09/28/22 06:00:00 AM,2,172.7,0
09/28/22 06:30:00 AM,1.67,174.1,0
09/28/22 07:00:00 AM,1.34,176.9,0
09/28/22 07:30:00 AM,1,179.7,0
09/28/22 08:00:00 AM,1.34,199.4,0
09/28/22 08:30:00 AM,1.67,221.8,0
09/28/22 09:00:00 AM,2.67,255.5,0
09/28/22 09:30:00 AM,3.01,259.7,0
09/28/22 10:00:00 AM,2,339.7,0
09/28/22 10:30:00 AM,2.67,5.6,0
09/28/22 11:00:00 AM,3.01,2.8,0
09/28/22 11:30:00 AM,3.01,4.2,0
09/28/22 12:00:00 PM,3.34,4.2,0
09/28/22 12:30:00 PM,4.01,4.2,0
09/28/22 01:00:00 PM,4.34,4.2,0
09/28/22 01:30:00 PM,4.34,4.2,0
09/28/22 02:00:00 PM,3.01,329.9,0
09/28/22 02:30:00 PM,3.01,341.2,0
09/28/22 03:00:00 PM,5.34,8.4,0
09/28/22 03:30:00 PM,6.01,2.8,0
09/28/22 04:00:00 PM,3.01,336.9,0
09/28/22 04:30:00 PM,3.34,348.2,0
09/28/22 05:00:00 PM,3.67,353.8,0
09/28/22 05:30:00 PM,3.67,346.8,0
09/28/22 06:00:00 PM,3.01,339.7,0
09/28/22 06:30:00 PM,2.34,345.4,0
09/28/22 07:00:00 PM,2.34,313.1,0
09/28/22 07:30:00 PM,2,275.2,0
09/28/22 08:00:00 PM,1.67,339.7,0
09/28/22 08:30:00 PM,1,25.3,0
09/28/22 09:00:00 PM,0.67,23.9,0
09/28/22 09:30:00 PM,0.33,29.5,0
09/28/22 10:00:00 PM,0.33,29.5,0
09/28/22 10:30:00 PM,0.67,344,0
09/28/22 11:00:00 PM,0,341.2,0
09/28/22 11:30:00 PM,0,341.2,0
09/29/22 12:00:00 AM,0,341.2,0
09/29/22 12:30:00 AM,0.33,318.7,0
09/29/22 01:00:00 AM,0,313.1,0
09/29/22 01:30:00 AM,0,313.1,0
09/29/22 02:00:00 AM,0,313.1,0
09/29/22 02:30:00 AM,0,313.1,0
09/29/22 03:00:00 AM,0,313.1,0
09/29/22 03:30:00 AM,0,313.1,0
09/29/22 04:00:00 AM,0,313.1,0
09/29/22 04:30:00 AM,0,313.1,0
09/29/22 05:00:00 AM,0.33,290.6,0
09/29/22 05:30:00 AM,1,23.9,0
09/29/22 06:00:00 AM,2.34,1.4,0
09/29/22 06:30:00 AM,1.34,4.2,0
09/29/22 07:00:00 AM,1.34,33.7,0
09/29/22 07:30:00 AM,0.67,331.3,0
09/29/22 08:00:00 AM,0.67,311.7,0
09/29/22 08:30:00 AM,0.67,235.9,0
09/29/22 09:00:00 AM,1,254.1,0
09/29/22 09:30:00 AM,1.34,273.8,0
09/29/22 10:00:00 AM,3.01,9.8,0
09/29/22 10:30:00 AM,2.67,345.4,0
09/29/22 11:00:00 AM,2.67,1.4,0
09/29/22 11:30:00 AM,2.67,15.4,0
09/29/22 12:00:00 PM,4.68,0,0
09/29/22 12:30:00 PM,5.01,7,0
09/29/22 01:00:00 PM,4.34,8.4,0
09/29/22 01:30:00 PM,3.01,346.8,0
09/29/22 02:00:00 PM,3.67,353.8,0
09/29/22 02:30:00 PM,5.68,276.6,0
09/29/22 03:00:00 PM,3.34,300.4,0
09/29/22 03:30:00 PM,3.34,278,0
09/29/22 04:00:00 PM,3.67,259.7,0
09/29/22 04:30:00 PM,2,292,0
09/29/22 05:00:00 PM,1.67,280.8,0
09/29/22 05:30:00 PM,1,278,0
09/29/22 06:00:00 PM,1.67,287.8,0
09/29/22 06:30:00 PM,3.01,280.8,0
09/29/22 07:00:00 PM,2,294.8,0
09/29/22 07:30:00 PM,1.67,303.2,0
09/29/22 08:00:00 PM,0.67,286.4,0
09/29/22 08:30:00 PM,0.67,252.7,0
09/29/22 09:00:00 PM,1,252.7,0
09/29/22 09:30:00 PM,1.67,254.1,0
09/29/22 10:00:00 PM,1.67,252.7,0
09/29/22 10:30:00 PM,3.34,254.1,0
09/29/22 11:00:00 PM,3.01,240.1,0
09/29/22 11:30:00 PM,2.34,245.7,0
09/30/22 12:00:00 AM,2.34,230.2,0
09/30/22 12:30:00 AM,2.34,220.4,0
09/30/22 01:00:00 AM,1.67,209.2,0
09/30/22 01:30:00 AM,1.67,220.4,0
09/30/22 02:00:00 AM,1,237.3,0
09/30/22 02:30:00 AM,1.67,212,0
09/30/22 03:00:00 AM,1.34,209.2,0
09/30/22 03:30:00 AM,0.67,176.9,0
09/30/22 04:00:00 AM,1,165.7,0
09/30/22 04:30:00 AM,2,214.8,0
09/30/22 05:00:00 AM,1.34,175.5,0
09/30/22 05:30:00 AM,1.34,178.3,0
09/30/22 06:00:00 AM,1.34,172.7,0
09/30/22 06:30:00 AM,1.34,174.1,0
09/30/22 07:00:00 AM,1.67,178.3,0
09/30/22 07:30:00 AM,1.67,162.9,0
09/30/22 08:00:00 AM,1.34,181.1,0
09/30/22 08:30:00 AM,2.34,223.2,0
09/30/22 09:00:00 AM,2.67,237.3,0
09/30/22 09:30:00 AM,2.34,251.3,0
09/30/22 10:00:00 AM,2.34,256.9,0
09/30/22 10:30:00 AM,2,355.2,0
09/30/22 11:00:00 AM,3.01,8.4,0
09/30/22 11:30:00 AM,3.67,7,0
09/30/22 12:00:00 PM,4.01,11.2,0
09/30/22 12:30:00 PM,4.34,14,0
09/30/22 01:00:00 PM,4.34,9.8,0
09/30/22 01:30:00 PM,4.68,14,0
09/30/22 02:00:00 PM,5.34,11.2,0
09/30/22 02:30:00 PM,5.34,8.4,0
09/30/22 03:00:00 PM,5.34,11.2,0
09/30/22 03:30:00 PM,5.01,4.2,0
09/30/22 04:00:00 PM,4.68,1.4,0
09/30/22 04:30:00 PM,4.34,1.4,0
09/30/22 05:00:00 PM,3.67,348.2,0
09/30/22 05:30:00 PM,2.34,318.7,0
09/30/22 06:00:00 PM,3.34,289.2,0
09/30/22 06:30:00 PM,3.34,290.6,0
09/30/22 07:00:00 PM,2.67,282.2,0
09/30/22 07:30:00 PM,2.67,276.6,0
09/30/22 08:00:00 PM,3.01,269.6,0
09/30/22 08:30:00 PM,2.34,313.1,0
09/30/22 09:00:00 PM,2,351,0
09/30/22 09:30:00 PM,1.34,278,0
09/30/22 10:00:00 PM,1,320.1,0
09/30/22 10:30:00 PM,0.33,352.4,0
09/30/22 11:00:00 PM,0,355.2,0
09/30/22 11:30:00 PM,0.33,355.2,0
10/01/2022 00:00,0,355.2,0
10/01/2022 00:30,0.33,355.2,0
10/01/2022 01:00,0.33,179.7,0
10/01/2022 01:30,0.33,172.7,0
10/01/2022 02:00,0.33,172.7,0
10/01/2022 02:30,0.67,181.1,0
10/01/2022 03:00,1,181.1,0
10/01/2022 03:30,0.67,155.8,0
10/01/2022 04:00,1,147.4,0
10/01/2022 04:30,0.67,143.2,0
10/01/2022 05:00,1,161.5,0
10/01/2022 05:30,0.67,126.4,0
10/01/2022 06:00,1,106.7,0
10/01/2022 06:30,1.34,190.9,0
10/01/2022 07:00,1.67,199.4,0
10/01/2022 07:30,1.67,205,0
10/01/2022 08:00,2,224.6,0
10/01/2022 08:30,1.67,230.2,0
10/01/2022 09:00,3.01,235.9,0
10/01/2022 09:30,2.67,256.9,0
10/01/2022 10:00,1,306.1,0
10/01/2022 10:30,2,1.4,0
10/01/2022 11:00,3.34,7,0
10/01/2022 11:30,3.67,14,0
10/01/2022 12:00,4.34,11.2,0
10/01/2022 12:30,4.68,16.8,0
10/01/2022 13:00,4.68,4.2,0
10/01/2022 13:30,3.34,334.1,0
10/01/2022 14:00,3.01,335.5,0
10/01/2022 14:30,4.68,0,0
10/01/2022 15:00,5.68,4.2,0
10/01/2022 15:30,6.01,19.7,0
10/01/2022 16:00,3.67,7,0
10/01/2022 16:30,2.34,327.1,0
10/01/2022 17:00,3.01,353.8,0
10/01/2022 17:30,2.67,355.2,0
10/01/2022 18:00,2.34,324.3,0
10/01/2022 18:30,4.01,271,0
10/01/2022 19:00,2.34,335.5,0
10/01/2022 19:30,1.67,349.6,0
10/01/2022 20:00,2.34,341.2,0
10/01/2022 20:30,2.67,4.2,0
10/01/2022 21:00,2.67,355.2,0
10/01/2022 21:30,1.34,322.9,0
10/01/2022 22:00,1,9.8,0
10/01/2022 22:30,0.67,332.7,0
10/01/2022 23:00,0.33,87,0
10/01/2022 23:30,0,96.9,0
10/02/2022 00:00,0,98.3,0
10/02/2022 00:30,0.33,106.7,0
10/02/2022 01:00,0,227.4,0
10/02/2022 01:30,0,227.4,0
10/02/2022 02:00,0.33,219,0
10/02/2022 02:30,0.33,151.6,0
10/02/2022 03:00,0.33,178.3,0
10/02/2022 03:30,0.67,178.3,0
10/02/2022 04:00,0.67,178.3,0
10/02/2022 04:30,1.34,199.4,0
10/02/2022 05:00,1.67,234.5,0
10/02/2022 05:30,1.34,224.6,0
10/02/2022 06:00,2.34,198,0
10/02/2022 06:30,2.34,240.1,0
10/02/2022 07:00,2,200.8,0
10/02/2022 07:30,0.67,213.4,0
10/02/2022 08:00,1.34,212,0
10/02/2022 08:30,2,251.3,0
10/02/2022 09:00,2.67,258.3,0
10/02/2022 09:30,2.67,256.9,0
10/02/2022 10:00,2,308.9,0
10/02/2022 10:30,3.01,9.8,0
10/02/2022 11:00,3.34,7,0
10/02/2022 11:30,3.34,7,0
10/02/2022 12:00,3.67,12.6,0
10/02/2022 12:30,3.34,5.6,0
10/02/2022 13:00,3.34,355.2,0
10/02/2022 13:30,3.67,5.6,0
10/02/2022 14:00,4.68,8.4,0
10/02/2022 14:30,4.68,8.4,0
10/02/2022 15:00,4.68,7,0
10/02/2022 15:30,5.01,344,0
10/02/2022 16:00,4.01,325.7,0
10/02/2022 16:30,3.34,308.9,0
10/02/2022 17:00,3.01,342.6,0
10/02/2022 17:30,3.34,338.3,0
10/02/2022 18:00,2.67,338.3,0
10/02/2022 18:30,2.67,342.6,0
10/02/2022 19:00,2.67,307.5,0
10/02/2022 19:30,1.34,334.1,0
10/02/2022 20:00,1.67,272.4,0
10/02/2022 20:30,1.34,285,0
10/02/2022 21:00,0.67,348.2,0
10/02/2022 21:30,0.67,39.3,0
10/02/2022 22:00,0.67,40.7,0
10/02/2022 22:30,0,53.3,0
10/02/2022 23:00,0,53.3,0
10/02/2022 23:30,0.33,53.3,0
10/03/2022 00:00,0.33,53.3,0
10/03/2022 00:30,0.67,33.7,0
10/03/2022 01:00,0,16.8,0
10/03/2022 01:30,0,16.8,0
10/03/2022 02:00,0.67,16.8,0
10/03/2022 02:30,0.33,283.6,0
10/03/2022 03:00,0.33,169.9,0
10/03/2022 03:30,1,181.1,0
10/03/2022 04:00,0.67,162.9,0
10/03/2022 04:30,1,190.9,0
10/03/2022 05:00,2.34,216.2,0
10/03/2022 05:30,3.34,235.9,0
10/03/2022 06:00,3.01,220.4,0
10/03/2022 06:30,3.67,240.1,0
10/03/2022 07:00,3.67,234.5,0
10/03/2022 07:30,4.34,234.5,0
10/03/2022 08:00,2.67,245.7,0
10/03/2022 08:30,3.01,263.9,0
10/03/2022 09:00,3.01,261.1,0
10/03/2022 09:30,3.01,258.3,0
10/03/2022 10:00,2.34,261.1,0
10/03/2022 10:30,2,255.5,0
10/03/2022 11:00,2,7,0
10/03/2022 11:30,2.34,14,0
10/03/2022 12:00,2.67,355.2,0
10/03/2022 12:30,2,355.2,0
10/03/2022 13:00,3.01,2.8,0
10/03/2022 13:30,4.01,273.8,0
10/03/2022 14:00,4.68,355.2,0
10/03/2022 14:30,4.68,318.7,0
10/03/2022 15:00,3.34,353.8,0
10/03/2022 15:30,4.68,352.4,0
10/03/2022 16:00,4.34,8.4,0
10/03/2022 16:30,4.01,1.4,0
10/03/2022 17:00,4.01,355.2,0
10/03/2022 17:30,3.01,353.8,0
10/03/2022 18:00,2.34,352.4,0
10/03/2022 18:30,3.34,355.2,0
10/03/2022 19:00,3.34,355.2,0
10/03/2022 19:30,2.34,16.8,0
10/03/2022 20:00,3.01,303.2,0
10/03/2022 20:30,1.67,328.5,0
10/03/2022 21:00,1.67,183.9,0
10/03/2022 21:30,1,193.7,0
10/03/2022 22:00,1,176.9,0
10/03/2022 22:30,0.67,205,0
10/03/2022 23:00,0.67,148.8,0
10/03/2022 23:30,0.67,190.9,0
10/04/2022 00:00,1.34,227.4,0
10/04/2022 00:30,1,171.3,0
10/04/2022 01:00,1,172.7,0
10/04/2022 01:30,1,175.5,0
10/04/2022 02:00,1.34,154.4,0
10/04/2022 02:30,1,158.6,0
10/04/2022 03:00,1,169.9,0
10/04/2022 03:30,1,158.6,0
10/04/2022 04:00,1,176.9,0
10/04/2022 04:30,1,196.5,0
10/04/2022 05:00,1,178.3,0
10/04/2022 05:30,0.67,162.9,0
10/04/2022 06:00,1,22.5,0
10/04/2022 06:30,0.67,221.8,0
10/04/2022 07:00,1,183.9,0
10/04/2022 07:30,1.34,227.4,0
10/04/2022 08:00,2,247.1,0
10/04/2022 08:30,2,235.9,0
10/04/2022 09:00,1.34,254.1,0
10/04/2022 09:30,2.67,263.9,0
10/04/2022 10:00,2,254.1,0
10/04/2022 10:30,1.67,249.9,0
10/04/2022 11:00,1,289.2,0
10/04/2022 11:30,1.34,18.3,0
10/04/2022 12:00,1.67,353.8,0
10/04/2022 12:30,2.34,346.8,0
10/04/2022 13:00,3.34,2.8,0
10/04/2022 13:30,4.01,4.2,0
10/04/2022 14:00,3.67,355.2,0
10/04/2022 14:30,3.67,346.8,0
10/04/2022 15:00,3.01,328.5,0
10/04/2022 15:30,3.67,353.8,0
10/04/2022 16:00,4.34,352.4,0
10/04/2022 16:30,4.01,285,0
10/04/2022 17:00,4.01,259.7,0
10/04/2022 17:30,2,348.2,0
10/04/2022 18:00,1.67,352.4,0
10/04/2022 18:30,1,12.6,0
10/04/2022 19:00,0.67,23.9,0
10/04/2022 19:30,0.33,23.9,0
10/04/2022 20:00,0.67,12.6,0
10/04/2022 20:30,0.33,275.2,0
10/04/2022 21:00,0.33,285,0
10/04/2022 21:30,0.33,1.4,0
10/04/2022 22:00,1.34,311.7,0
10/04/2022 22:30,0.33,178.3,0
10/04/2022 23:00,0.33,154.4,0
10/04/2022 23:30,0.33,165.7,0
10/05/2022 00:00,0.67,278,0
10/05/2022 00:30,1.34,254.1,0
10/05/2022 01:00,1.67,241.5,0
10/05/2022 01:30,1.67,203.6,0
10/05/2022 02:00,1.67,214.8,0
10/05/2022 02:30,1.67,200.8,0
10/05/2022 03:00,2,216.2,0
10/05/2022 03:30,2.67,252.7,0
10/05/2022 04:00,2,195.1,0
10/05/2022 04:30,2.34,233.1,0
10/05/2022 05:00,2,233.1,0
10/05/2022 05:30,1.67,219,0
10/05/2022 06:00,2,231.6,0
10/05/2022 06:30,3.01,248.5,0
10/05/2022 07:00,2.67,262.5,0
10/05/2022 07:30,2,226,0
10/05/2022 08:00,2.67,231.6,0
10/05/2022 08:30,3.01,242.9,0
10/05/2022 09:00,3.34,240.1,0
10/05/2022 09:30,3.34,252.7,0
10/05/2022 10:00,2.67,254.1,0
10/05/2022 10:30,2,255.5,0
10/05/2022 11:00,2,336.9,0
10/05/2022 11:30,2.67,11.2,0
10/05/2022 12:00,3.67,8.4,0
10/05/2022 12:30,3.67,11.2,0
10/05/2022 13:00,3.67,4.2,0
10/05/2022 13:30,4.01,4.2,0
10/05/2022 14:00,4.01,5.6,0
10/05/2022 14:30,4.68,0,0
10/05/2022 15:00,3.67,355.2,0
10/05/2022 15:30,3.34,349.6,0
10/05/2022 16:00,3.34,349.6,0
10/05/2022 16:30,3.01,339.7,0
10/05/2022 17:00,3.67,283.6,0
10/05/2022 17:30,3.34,280.8,0
10/05/2022 18:00,2,313.1,0
10/05/2022 18:30,1.67,335.5,0
10/05/2022 19:00,2,338.3,0
10/05/2022 19:30,2,286.4,0
10/05/2022 20:00,2.34,1.4,0
10/05/2022 20:30,2,342.6,0
10/05/2022 21:00,1.34,262.5,0
10/05/2022 21:30,1.34,310.3,0
10/05/2022 22:00,0.67,2.8,0
10/05/2022 22:30,0.33,26.7,0
10/05/2022 23:00,0.33,335.5,0
10/05/2022 23:30,0.33,335.5,0
10/06/2022 00:00,0,335.5,0
10/06/2022 00:30,0,335.5,0
10/06/2022 01:00,0.33,335.5,0
10/06/2022 01:30,0.33,331.3,0
10/06/2022 02:00,1,209.2,0
10/06/2022 02:30,1,207.8,0
10/06/2022 03:00,1.67,198,0
10/06/2022 03:30,1.67,210.6,0
10/06/2022 04:00,0.67,188.1,0
10/06/2022 04:30,1.34,196.5,0
10/06/2022 05:00,1,185.3,0
10/06/2022 05:30,1.67,199.4,0
10/06/2022 06:00,1.67,226,0
10/06/2022 06:30,2,196.5,0
10/06/2022 07:00,2.34,198,0
10/06/2022 07:30,3.67,235.9,0
10/06/2022 08:00,3.34,228.8,0
10/06/2022 08:30,2.67,259.7,0
10/06/2022 09:00,2.67,251.3,0
10/06/2022 09:30,2.67,255.5,0
10/06/2022 10:00,2,258.3,0
10/06/2022 10:30,2,348.2,0
10/06/2022 11:00,2.34,12.6,0
10/06/2022 11:30,3.01,7,0
10/06/2022 12:00,3.34,355.2,0
10/06/2022 12:30,3.67,4.2,0
10/06/2022 13:00,3.67,0,0
10/06/2022 13:30,2.67,349.6,0
10/06/2022 14:00,3.67,352.4,0
10/06/2022 14:30,4.01,355.2,0
10/06/2022 15:00,4.01,346.8,0
10/06/2022 15:30,4.01,348.2,0
10/06/2022 16:00,4.68,353.8,0
10/06/2022 16:30,4.01,355.2,0
10/06/2022 17:00,3.01,344,0
10/06/2022 17:30,2.67,349.6,0
10/06/2022 18:00,2,346.8,0
10/06/2022 18:30,2,21.1,0
10/06/2022 19:00,1,49.1,0
10/06/2022 19:30,1.67,9.8,0
10/06/2022 20:00,0.67,25.3,0
10/06/2022 20:30,0.67,220.4,0
10/06/2022 21:00,0.33,210.6,0
10/06/2022 21:30,1,221.8,0
10/06/2022 22:00,1,199.4,0
10/06/2022 22:30,0.33,172.7,0
10/06/2022 23:00,0,151.6,0
10/06/2022 23:30,0.67,171.3,0
10/07/2022 00:00,0.67,162.9,0
10/07/2022 00:30,1,167.1,0
10/07/2022 01:00,1,169.9,0
10/07/2022 01:30,1,199.4,0
10/07/2022 02:00,1,155.8,0
10/07/2022 02:30,1.67,164.3,0
10/07/2022 03:00,1,168.5,0
10/07/2022 03:30,1,15.4,0
10/07/2022 04:00,1.67,0,0
10/07/2022 04:30,1.67,355.2,0
10/07/2022 05:00,0.67,39.3,0
10/07/2022 05:30,0.67,148.8,0
10/07/2022 06:00,0.67,174.1,0
10/07/2022 06:30,0.33,160,0
10/07/2022 07:00,0.33,192.3,0
10/07/2022 07:30,1,189.5,0
10/07/2022 08:00,0.67,202.2,0
10/07/2022 08:30,1.34,237.3,0
10/07/2022 09:00,2.34,247.1,0
10/07/2022 09:30,2.34,252.7,0
10/07/2022 10:00,1.34,249.9,0
10/07/2022 10:30,2,5.6,0
10/07/2022 11:00,3.34,8.4,0
10/07/2022 11:30,3.67,355.2,0
10/07/2022 12:00,3.67,1.4,0
10/07/2022 12:30,4.01,355.2,0
10/07/2022 13:00,4.68,5.6,0
10/07/2022 13:30,4.01,352.4,0
10/07/2022 14:00,4.34,353.8,0
10/07/2022 14:30,4.01,353.8,0
10/07/2022 15:00,4.01,349.6,0
10/07/2022 15:30,3.67,353.8,0
10/07/2022 16:00,2.67,335.5,0
10/07/2022 16:30,4.01,345.4,0
10/07/2022 17:00,4.01,355.2,0
10/07/2022 17:30,3.01,355.2,0
10/07/2022 18:00,3.34,355.2,0
10/07/2022 18:30,3.67,273.8,0
10/07/2022 19:00,2,283.6,0
10/07/2022 19:30,1.67,342.6,0
10/07/2022 20:00,1,320.1,0
10/07/2022 20:30,1,321.5,0
10/07/2022 21:00,1.67,14,0
10/07/2022 21:30,1.67,8.4,0
10/07/2022 22:00,0.67,331.3,0
10/07/2022 22:30,0.33,32.3,0
10/07/2022 23:00,0.33,28.1,0
10/07/2022 23:30,0.33,23.9,0
10/08/2022 00:00,1.34,341.2,0
10/08/2022 00:30,1,282.2,0
10/08/2022 01:00,1.34,296.2,0
10/08/2022 01:30,1.67,8.4,0
10/08/2022 02:00,1.34,314.5,0
10/08/2022 02:30,1.67,19.7,0
10/08/2022 03:00,2.67,1.4,0
10/08/2022 03:30,1.67,8.4,0
10/08/2022 04:00,0.33,11.2,0
10/08/2022 04:30,0,16.8,0
10/08/2022 05:00,1,207.8,0
10/08/2022 05:30,1.34,226,0
10/08/2022 06:00,1.34,192.3,0
10/08/2022 06:30,1.67,203.6,0
10/08/2022 07:00,2,238.7,0
10/08/2022 07:30,2.34,231.6,0
10/08/2022 08:00,2.67,242.9,0
10/08/2022 08:30,1.34,259.7,0
10/08/2022 09:00,2.34,249.9,0
10/08/2022 09:30,2,256.9,0
10/08/2022 10:00,1.67,259.7,0
10/08/2022 10:30,1.67,37.9,0
10/08/2022 11:00,3.34,7,0
10/08/2022 11:30,3.01,352.4,0
10/08/2022 12:00,4.01,8.4,0
10/08/2022 12:30,4.34,11.2,0
10/08/2022 13:00,4.34,7,0
10/08/2022 13:30,4.01,4.2,0
10/08/2022 14:00,3.67,355.2,0
10/08/2022 14:30,4.01,0,0
10/08/2022 15:00,3.67,5.6,0
10/08/2022 15:30,4.01,7,0
10/08/2022 16:00,4.34,15.4,0
10/08/2022 16:30,3.67,355.2,0
10/08/2022 17:00,2.34,348.2,0
10/08/2022 17:30,2.67,345.4,0
10/08/2022 18:00,2.34,325.7,0
10/08/2022 18:30,1.67,338.3,0
10/08/2022 19:00,1.67,346.8,0
10/08/2022 19:30,1.67,342.6,0
10/08/2022 20:00,1.67,345.4,0
10/08/2022 20:30,1.34,342.6,0
10/08/2022 21:00,1,9.8,0
10/08/2022 21:30,1,25.3,0
10/08/2022 22:00,0.33,28.1,0
10/08/2022 22:30,0.33,355.2,0
10/08/2022 23:00,1,5.6,0
10/08/2022 23:30,1,353.8,0
10/09/2022 00:00,0.33,53.3,0
10/09/2022 00:30,0.33,176.9,0
10/09/2022 01:00,1,213.4,0
10/09/2022 01:30,1,209.2,0
10/09/2022 02:00,1,206.4,0
10/09/2022 02:30,1,157.2,0
10/09/2022 03:00,1.34,158.6,0
10/09/2022 03:30,1.34,171.3,0
10/09/2022 04:00,1.34,186.7,0
10/09/2022 04:30,1.34,209.2,0
10/09/2022 05:00,2.34,207.8,0
10/09/2022 05:30,2,199.4,0
10/09/2022 06:00,3.34,228.8,0
10/09/2022 06:30,3.01,245.7,0
10/09/2022 07:00,2.67,221.8,0
10/09/2022 07:30,4.01,242.9,0
10/09/2022 08:00,2.34,240.1,0
10/09/2022 08:30,2.67,248.5,0
10/09/2022 09:00,2.67,248.5,0
10/09/2022 09:30,3.34,263.9,0
10/09/2022 10:00,2,259.7,0
10/09/2022 10:30,1.67,287.8,0
10/09/2022 11:00,3.01,5.6,0
10/09/2022 11:30,3.67,9.8,0
10/09/2022 12:00,3.34,0,0
10/09/2022 12:30,3.67,348.2,0
10/09/2022 13:00,3.67,355.2,0
10/09/2022 13:30,3.67,355.2,0
10/09/2022 14:00,4.34,355.2,0
10/09/2022 14:30,3.67,320.1,0
10/09/2022 15:00,3.01,338.3,0
10/09/2022 15:30,2.67,344,0
10/09/2022 16:00,4.34,18.3,0
10/09/2022 16:30,5.01,351,0
10/09/2022 17:00,3.67,314.5,0
10/09/2022 17:30,2,344,0
10/09/2022 18:00,5.01,263.9,0
10/09/2022 18:30,6.35,259.7,0
10/09/2022 19:00,2.34,259.7,0
10/09/2022 19:30,0.33,275.2,0
10/09/2022 20:00,0.33,276.6,0
10/09/2022 20:30,1,252.7,0
10/09/2022 21:00,0.67,310.3,0
10/09/2022 21:30,0.33,19.7,0
10/09/2022 22:00,0,21.1,0
10/09/2022 22:30,0,21.1,0
10/09/2022 23:00,0.33,21.1,0
10/09/2022 23:30,0.67,5.6,0
10/10/2022 00:00,2,314.5,0
10/10/2022 00:30,3.01,349.6,0
10/10/2022 01:00,3.67,352.4,0
10/10/2022 01:30,2.67,7,0
10/10/2022 02:00,1.34,7,0
10/10/2022 02:30,1,8.4,0
10/10/2022 03:00,1.34,29.5,0
10/10/2022 03:30,0.33,0,0
10/10/2022 04:00,0.67,7,0
10/10/2022 04:30,0.67,353.8,0
10/10/2022 05:00,1.34,9.8,0
10/10/2022 05:30,1.67,15.4,0
10/10/2022 06:00,1,50.5,0
10/10/2022 06:30,0.67,14,0
10/10/2022 07:00,0.33,96.9,0
10/10/2022 07:30,0.33,157.2,0
10/10/2022 08:00,0,157.2,0
10/10/2022 08:30,0.33,237.3,0
10/10/2022 09:00,0.67,304.7,0
10/10/2022 09:30,1.67,304.7,0
10/10/2022 10:00,2.34,342.6,0
10/10/2022 10:30,3.34,1.4,0
10/10/2022 11:00,3.01,355.2,0
10/10/2022 11:30,2.34,339.7,0
10/10/2022 12:00,2,11.2,0
10/10/2022 12:30,2.67,338.3,0
10/10/2022 13:00,5.68,276.6,0
10/10/2022 13:30,3.34,334.1,0
10/10/2022 14:00,3.01,325.7,0
10/10/2022 14:30,2.67,355.2,0
10/10/2022 15:00,3.01,355.2,0
10/10/2022 15:30,3.01,320.1,0
10/10/2022 16:00,4.34,349.6,0
10/10/2022 16:30,4.01,5.6,0
10/10/2022 17:00,4.34,352.4,0
10/10/2022 17:30,3.01,292,0
10/10/2022 18:00,2.34,321.5,0
10/10/2022 18:30,2.67,297.6,0
10/10/2022 19:00,4.68,249.9,0
10/10/2022 19:30,2.34,263.9,0
10/10/2022 20:00,4.68,2.8,0
10/10/2022 20:30,4.01,0,0
10/10/2022 21:00,2,26.7,0
10/10/2022 21:30,0.67,66,0
10/10/2022 22:00,1,164.3,0
10/10/2022 22:30,0.67,181.1,0
10/10/2022 23:00,0,209.2,0
10/10/2022 23:30,0,209.2,0
