,datetime,temp,ws,wdir
0,2022-08-11 00:00:00,4.75,3.6,330.6878142
1,2022-08-11 01:00:00,4.75,2.9,336.2027808
2,2022-08-11 02:00:00,4.5,3.6,332.8378233
3,2022-08-11 03:00:00,4.5,4.0,345.2960919
4,2022-08-11 04:00:00,4.25,3.55,339.6383672
5,2022-08-11 05:00:00,4.25,3.8,346.5943651
6,2022-08-11 06:00:00,4.2,4.25,343.2691112
7,2022-08-11 07:00:00,4.35,4.0,342.4514235
8,2022-08-11 08:00:00,4.3,3.8,346.1811262
9,2022-08-11 09:00:00,4.85,3.35,328.5311006
10,2022-08-11 10:00:00,5.35,3.6,328.3982966
11,2022-08-11 11:00:00,6.0,3.15,336.4570421
12,2022-08-11 12:00:00,5.55,3.8,332.3428208
13,2022-08-11 13:00:00,5.65,4.25,341.686362
14,2022-08-11 14:00:00,7.05,4.25,330.9257427
15,2022-08-11 15:00:00,11.65,2.65,330.3710716
16,2022-08-11 16:00:00,12.15,3.6,340.1918288
17,2022-08-11 17:00:00,11.85,3.55,340.2517854
18,2022-08-11 18:00:00,11.75,3.1,349.6280045
19,2022-08-11 19:00:00,11.25,3.35,349.4994831
20,2022-08-11 20:00:00,9.55,2.0,342.9596285
21,2022-08-11 21:00:00,8.7,4.95,120.5456417
22,2022-08-11 22:00:00,8.0,5.4,109.2060629
23,2022-08-11 23:00:00,7.95,5.6,103.8285568
24,2022-08-12 00:00:00,8.2,4.9,119.4209891
25,2022-08-12 01:00:00,8.5,5.15,116.0879288
26,2022-08-12 02:00:00,8.1,4.7,124.5413966
27,2022-08-12 03:00:00,8.25,4.45,119.2383564
28,2022-08-12 04:00:00,8.3,4.7,124.0258563
29,2022-08-12 05:00:00,7.75,4.25,103.8235449
30,2022-08-12 06:00:00,7.35,4.25,117.8424276
31,2022-08-12 07:00:00,7.95,3.8,107.2931523
32,2022-08-12 08:00:00,7.9,3.8,115.0251406
33,2022-08-12 09:00:00,7.35,4.05,111.7192803
34,2022-08-12 10:00:00,7.65,4.7,114.1815612
35,2022-08-12 11:00:00,8.15,4.7,122.6760151
36,2022-08-12 12:00:00,8.25,4.5,110.4572864
37,2022-08-12 13:00:00,9.1,4.0,102.4251704
38,2022-08-12 14:00:00,10.75,3.8,344.0529028
39,2022-08-12 15:00:00,12.05,3.6,352.30834
40,2022-08-12 16:00:00,12.05,4.25,5.984163093
41,2022-08-12 17:00:00,11.45,4.9,332.4251788
42,2022-08-12 18:00:00,10.9,5.4,340.2483837
43,2022-08-12 19:00:00,10.65,4.5,346.0543633
44,2022-08-12 20:00:00,10.45,4.25,340.8955979
45,2022-08-12 21:00:00,8.45,3.15,353.8489675
46,2022-08-12 22:00:00,8.75,3.55,122.8301824
47,2022-08-12 23:00:00,8.1,3.8,108.755972
48,2022-08-13 00:00:00,8.2,3.6,100.7909369
49,2022-08-13 01:00:00,8.6,2.65,101.433724
50,2022-08-13 02:00:00,8.0,3.35,119.7557267
51,2022-08-13 03:00:00,8.6,2.2,124.0368544
52,2022-08-13 04:00:00,8.1,3.15,118.4205533
53,2022-08-13 05:00:00,7.7,2.7,129.5802446
54,2022-08-13 06:00:00,7.65,2.45,117.7449238
55,2022-08-13 07:00:00,6.9,3.8,102.6537447
56,2022-08-13 08:00:00,7.1,3.6,122.6425545
57,2022-08-13 09:00:00,7.45,3.35,119.4743998
58,2022-08-13 10:00:00,7.3,3.35,103.9694484
59,2022-08-13 11:00:00,7.6,3.35,110.5666418
60,2022-08-13 12:00:00,8.7,3.15,123.6436611
61,2022-08-13 13:00:00,8.7,4.0,104.8924405
62,2022-08-13 14:00:00,10.5,2.9,331.9487256
63,2022-08-13 15:00:00,11.0,2.0,326.5674125
64,2022-08-13 16:00:00,10.4,1.1,283.8865151
65,2022-08-13 17:00:00,10.35,1.55,304.7229456
66,2022-08-13 18:00:00,9.05,3.6,117.6820621
67,2022-08-13 19:00:00,8.8,4.7,101.9654845
68,2022-08-13 20:00:00,8.45,4.95,113.0915972
69,2022-08-13 21:00:00,8.2,4.25,119.3150963
70,2022-08-13 22:00:00,7.65,5.15,102.0015982
71,2022-08-13 23:00:00,7.45,5.15,116.4529538
72,2022-08-14 00:00:00,7.9,4.5,110.9042491
73,2022-08-14 01:00:00,7.85,5.15,109.9074948
74,2022-08-14 02:00:00,8.05,5.4,115.0575188
75,2022-08-14 03:00:00,7.7,5.15,124.6597744
76,2022-08-14 04:00:00,7.85,5.15,103.3810894
77,2022-08-14 05:00:00,7.5,5.15,105.1008759
78,2022-08-14 06:00:00,8.95,3.35,122.0002503
79,2022-08-14 07:00:00,7.4,5.15,101.7241221
80,2022-08-14 08:00:00,8.15,5.35,102.2901053
81,2022-08-14 09:00:00,8.3,4.7,114.6029114
82,2022-08-14 10:00:00,9.2,3.8,101.1790569
83,2022-08-14 11:00:00,9.15,4.0,102.7865585
84,2022-08-14 12:00:00,8.75,1.8,110.0293942
85,2022-08-14 13:00:00,8.25,2.9,113.4239238
86,2022-08-14 14:00:00,7.4,2.25,105.5391284
87,2022-08-14 15:00:00,9.2,2.0,132.1988592
88,2022-08-14 16:00:00,9.3,2.0,122.6376254
89,2022-08-14 17:00:00,8.6,2.65,109.1222625
90,2022-08-14 18:00:00,8.25,1.55,136.0217813
91,2022-08-14 19:00:00,7.65,2.45,104.7292773
92,2022-08-14 20:00:00,7.0,1.75,108.6168205
93,2022-08-14 21:00:00,6.45,2.0,121.1062571
94,2022-08-14 22:00:00,6.0,2.0,123.8761133
95,2022-08-14 23:00:00,6.9,2.45,113.3985834
96,2022-08-15 00:00:00,6.85,1.75,121.9966198
97,2022-08-15 01:00:00,5.7,1.1,141.1179224
98,2022-08-15 02:00:00,5.2,3.15,81.173654
99,2022-08-15 03:00:00,5.5,2.9,100.3626287
100,2022-08-15 04:00:00,5.15,2.65,119.6357368
101,2022-08-15 05:00:00,4.9,2.9,112.8428387
102,2022-08-15 06:00:00,5.0,3.55,105.9103632
103,2022-08-15 07:00:00,5.0,2.45,117.4888577
104,2022-08-15 08:00:00,5.7,2.25,116.1933097
105,2022-08-15 09:00:00,5.9,2.25,99.01989283
106,2022-08-15 10:00:00,6.5,1.55,108.7705802
107,2022-08-15 11:00:00,7.15,1.35,108.3508349
108,2022-08-15 12:00:00,7.35,1.3,107.4473447
109,2022-08-15 13:00:00,7.85,0.9,123.0767313
110,2022-08-15 14:00:00,8.1,0.65,129.6022199
111,2022-08-15 15:00:00,8.4,1.55,346.2666864
112,2022-08-15 16:00:00,8.15,1.1,126.4520045
113,2022-08-15 17:00:00,7.65,1.1,68.78615601
114,2022-08-15 18:00:00,7.0,1.35,326.7443788
115,2022-08-15 19:00:00,6.0,2.45,120.9823365
116,2022-08-15 20:00:00,6.75,2.0,11.79419786
117,2022-08-15 21:00:00,6.1,1.75,107.6269242
118,2022-08-15 22:00:00,5.65,2.0,105.9637111
119,2022-08-15 23:00:00,5.65,2.65,123.159895
120,2022-08-16 00:00:00,5.7,3.6,120.8826045
121,2022-08-16 01:00:00,6.0,2.9,119.354866
122,2022-08-16 02:00:00,5.6,4.25,112.6861898
123,2022-08-16 03:00:00,5.6,4.25,114.5198173
124,2022-08-16 04:00:00,5.65,4.25,114.6183315
125,2022-08-16 05:00:00,6.1,3.55,110.5529359
126,2022-08-16 06:00:00,5.95,3.55,120.6606506
127,2022-08-16 07:00:00,5.55,4.7,104.0534204
128,2022-08-16 08:00:00,6.45,3.35,102.9290689
129,2022-08-16 09:00:00,6.8,4.05,113.0691721
130,2022-08-16 10:00:00,7.95,2.45,113.794075
131,2022-08-16 11:00:00,8.8,2.0,104.2610752
132,2022-08-16 12:00:00,8.85,2.0,103.9096686
133,2022-08-16 13:00:00,9.6,1.75,101.7262446
134,2022-08-16 14:00:00,10.2,2.7,110.8466939
135,2022-08-16 15:00:00,9.65,3.1,112.2514548
136,2022-08-16 16:00:00,9.8,2.25,122.8787954
137,2022-08-16 17:00:00,9.4,4.0,106.6551954
138,2022-08-16 18:00:00,9.2,4.45,108.6432139
139,2022-08-16 19:00:00,8.65,4.7,100.5796518
140,2022-08-16 20:00:00,8.3,4.95,117.4202382
141,2022-08-16 21:00:00,8.3,4.9,121.0562938
142,2022-08-16 22:00:00,8.8,4.5,110.5540763
143,2022-08-16 23:00:00,8.6,4.45,120.1192338
144,2022-08-17 00:00:00,8.05,4.05,124.5029416
145,2022-08-17 01:00:00,7.6,3.8,110.8631307
146,2022-08-17 02:00:00,7.35,2.9,123.8232455
147,2022-08-17 03:00:00,7.7,3.1,110.9134582
148,2022-08-17 04:00:00,7.75,2.0,105.3323268
149,2022-08-17 05:00:00,7.8,2.7,105.2094722
150,2022-08-17 06:00:00,7.9,2.0,96.27122613
151,2022-08-17 07:00:00,9.7,2.9,145.8856625
152,2022-08-17 08:00:00,9.6,3.8,121.3317461
153,2022-08-17 09:00:00,9.75,3.55,110.2143006
154,2022-08-17 10:00:00,8.7,1.75,101.0589901
155,2022-08-17 11:00:00,8.65,2.9,111.7464882
156,2022-08-17 12:00:00,11.3,3.8,117.5783141
157,2022-08-17 13:00:00,9.95,4.7,112.2711228
158,2022-08-17 14:00:00,9.55,5.4,109.2085766
159,2022-08-17 15:00:00,9.35,5.15,115.2877426
160,2022-08-17 16:00:00,10.4,3.35,116.2594843
161,2022-08-17 17:00:00,9.05,3.1,82.99254362
162,2022-08-17 18:00:00,10.25,4.05,113.9383841
163,2022-08-17 19:00:00,9.75,1.55,348.6794896
164,2022-08-17 20:00:00,8.05,1.8,346.9019383
165,2022-08-17 21:00:00,5.85,1.1,349.0475937
166,2022-08-17 22:00:00,5.05,1.1,340.7292522
167,2022-08-17 23:00:00,5.0,0.65,20.19494738
168,2022-08-18 00:00:00,4.25,1.75,21.12307298
169,2022-08-18 01:00:00,4.55,3.15,100.4166914
170,2022-08-18 02:00:00,5.1,1.1,108.4533883
171,2022-08-18 03:00:00,4.3,1.75,119.1038812
172,2022-08-18 04:00:00,5.2,5.4,116.0796171
173,2022-08-18 05:00:00,4.95,1.3,66.22654806
174,2022-08-18 06:00:00,4.4,2.0,123.2866818
175,2022-08-18 07:00:00,4.5,2.25,124.2254943
176,2022-08-18 08:00:00,4.6,2.9,112.3084314
177,2022-08-18 09:00:00,5.7,1.8,111.0713767
178,2022-08-18 10:00:00,6.1,2.45,119.7925801
179,2022-08-18 11:00:00,6.4,2.25,103.2020976
180,2022-08-18 12:00:00,6.15,2.2,120.5203483
181,2022-08-18 13:00:00,6.05,2.2,118.5340414
182,2022-08-18 14:00:00,5.5,1.8,114.6271445
183,2022-08-18 15:00:00,5.5,1.35,107.6731793
184,2022-08-18 16:00:00,5.3,2.0,114.5846445
185,2022-08-18 17:00:00,6.35,2.45,114.3344546
186,2022-08-18 18:00:00,6.05,0.85,330.3085449
187,2022-08-18 19:00:00,5.65,1.1,348.4495249
188,2022-08-18 20:00:00,6.0,1.1,173.3735753
189,2022-08-18 21:00:00,5.0,4.25,124.4809199
190,2022-08-18 22:00:00,4.65,2.45,120.0065255
191,2022-08-18 23:00:00,4.1,2.0,101.303221
192,2022-08-19 00:00:00,5.05,3.55,113.5387532
193,2022-08-19 01:00:00,4.9,1.55,106.7350296
194,2022-08-19 02:00:00,5.0,2.0,112.7233435
195,2022-08-19 03:00:00,4.3,2.45,92.01172425
196,2022-08-19 04:00:00,4.75,2.0,101.3668045
197,2022-08-19 05:00:00,4.8,1.75,76.70743906
198,2022-08-19 06:00:00,4.85,1.1,337.1067846
199,2022-08-19 07:00:00,5.05,2.9,330.0081603
200,2022-08-19 08:00:00,5.05,4.0,326.7927025
201,2022-08-19 09:00:00,5.2,2.65,358.8072486
202,2022-08-19 10:00:00,5.45,4.5,318.1313743
203,2022-08-19 11:00:00,5.35,4.25,289.2895129
204,2022-08-19 12:00:00,5.05,1.3,302.9947664
205,2022-08-19 13:00:00,5.1,2.0,302.2634942
206,2022-08-19 14:00:00,4.9,3.15,281.5253501
207,2022-08-19 15:00:00,4.6,1.1,304.9086768
208,2022-08-19 16:00:00,4.5,0.65,2.923092507
209,2022-08-19 17:00:00,4.75,1.8,265.9424501
210,2022-08-19 18:00:00,4.8,2.25,323.6800728
211,2022-08-19 19:00:00,4.35,1.1,78.11935489
212,2022-08-19 20:00:00,3.85,0.65,129.0823611
213,2022-08-19 21:00:00,4.0,2.7,117.9207815
214,2022-08-19 22:00:00,4.6,2.0,1.084168268
215,2022-08-19 23:00:00,5.05,2.9,323.8691264
216,2022-08-20 00:00:00,4.55,1.3,261.8331338
217,2022-08-20 01:00:00,4.1,1.75,111.3134204
218,2022-08-20 02:00:00,4.45,2.0,107.2025202
219,2022-08-20 03:00:00,4.65,3.15,113.6695209
220,2022-08-20 04:00:00,4.65,2.65,124.0502669
221,2022-08-20 05:00:00,5.15,2.45,103.8954242
222,2022-08-20 06:00:00,5.25,1.75,121.5237947
223,2022-08-20 07:00:00,4.7,3.1,112.2163033
224,2022-08-20 08:00:00,5.05,1.75,137.227202
225,2022-08-20 09:00:00,4.55,2.7,100.3330238
226,2022-08-20 10:00:00,5.3,3.1,112.1461261
227,2022-08-20 11:00:00,5.45,1.55,118.1704633
228,2022-08-20 12:00:00,4.7,2.7,113.4058006
229,2022-08-20 13:00:00,5.75,1.75,124.4195618
230,2022-08-20 14:00:00,5.25,2.0,112.5380232
231,2022-08-20 15:00:00,5.7,1.1,123.9682404
232,2022-08-20 16:00:00,6.0,2.65,102.9563335
233,2022-08-20 17:00:00,6.0,3.1,111.8009475
234,2022-08-20 18:00:00,6.6,3.35,104.295487
235,2022-08-20 19:00:00,6.3,2.45,111.4102398
236,2022-08-20 20:00:00,6.3,2.65,115.3633427
237,2022-08-20 21:00:00,5.95,3.15,103.0670876
238,2022-08-20 22:00:00,4.8,2.45,102.2729843
239,2022-08-20 23:00:00,5.35,3.8,100.7157425
240,2022-08-21 00:00:00,5.4,4.45,102.3870326
241,2022-08-21 01:00:00,5.45,3.35,110.3960727
242,2022-08-21 02:00:00,5.4,4.05,111.0796126
243,2022-08-21 03:00:00,5.1,4.25,121.2272743
244,2022-08-21 04:00:00,4.85,4.25,106.1430607
245,2022-08-21 05:00:00,4.45,4.7,120.9120988
246,2022-08-21 06:00:00,4.15,4.7,109.433593
247,2022-08-21 07:00:00,4.4,4.7,100.7158444
248,2022-08-21 08:00:00,4.75,4.25,118.5298336
249,2022-08-21 09:00:00,6.2,3.8,104.2787481
250,2022-08-21 10:00:00,6.0,4.7,100.7388086
251,2022-08-21 11:00:00,7.7,2.25,114.5908808
252,2022-08-21 12:00:00,6.5,2.0,119.827881
253,2022-08-21 13:00:00,7.75,2.65,116.9492976
254,2022-08-21 14:00:00,7.75,1.55,130.0538289
255,2022-08-21 15:00:00,7.8,2.45,135.8595726
256,2022-08-21 16:00:00,7.9,2.65,104.530313
257,2022-08-21 17:00:00,7.55,3.6,113.2903252
258,2022-08-21 18:00:00,6.85,2.0,127.9477053
259,2022-08-21 19:00:00,6.55,2.0,117.0175778
260,2022-08-21 20:00:00,6.0,1.75,109.7599399
261,2022-08-21 21:00:00,5.85,2.45,105.8750831
262,2022-08-21 22:00:00,4.95,2.25,136.8407639
263,2022-08-21 23:00:00,5.3,1.75,80.95389919
264,2022-08-22 00:00:00,5.45,2.65,107.2290043
265,2022-08-22 01:00:00,5.2,2.25,102.1217947
266,2022-08-22 02:00:00,5.25,3.35,109.7888991
267,2022-08-22 03:00:00,4.95,2.9,121.5767185
268,2022-08-22 04:00:00,5.2,2.45,115.2374085
269,2022-08-22 05:00:00,5.2,2.25,109.2354664
270,2022-08-22 06:00:00,5.0,2.9,116.0561686
271,2022-08-22 07:00:00,4.5,1.1,115.3681453
272,2022-08-22 08:00:00,3.15,3.35,108.5233239
273,2022-08-22 09:00:00,4.5,4.25,104.3059153
274,2022-08-22 10:00:00,4.95,4.05,123.4019189
275,2022-08-22 11:00:00,6.35,2.7,112.7440392
276,2022-08-22 12:00:00,6.45,2.0,123.6159794
277,2022-08-22 13:00:00,6.95,1.55,134.2626575
278,2022-08-22 14:00:00,7.3,1.55,145.6060781
279,2022-08-22 15:00:00,7.25,1.55,142.1470746
280,2022-08-22 16:00:00,7.2,2.7,134.8597611
281,2022-08-22 17:00:00,6.95,1.8,123.0849627
282,2022-08-22 18:00:00,6.75,1.75,128.6352691
283,2022-08-22 19:00:00,6.6,1.3,20.97808505
284,2022-08-22 20:00:00,6.2,1.8,122.0054677
285,2022-08-22 21:00:00,6.1,2.2,122.6238742
286,2022-08-22 22:00:00,5.95,2.65,115.5295765
287,2022-08-22 23:00:00,5.4,2.0,111.7457091
288,2022-08-23 00:00:00,5.5,3.35,120.4416882
289,2022-08-23 01:00:00,5.5,2.0,109.1348012
290,2022-08-23 02:00:00,5.2,2.65,116.5855177
291,2022-08-23 03:00:00,5.0,2.65,108.7831538
292,2022-08-23 04:00:00,5.3,2.45,103.2823394
293,2022-08-23 05:00:00,5.05,3.35,111.6774906
294,2022-08-23 06:00:00,5.05,4.25,101.2316782
295,2022-08-23 07:00:00,5.55,2.45,113.644681
296,2022-08-23 08:00:00,5.7,2.65,123.8388219
297,2022-08-23 09:00:00,6.45,2.2,104.7725217
298,2022-08-23 10:00:00,7.0,1.8,123.7795641
299,2022-08-23 11:00:00,7.1,2.9,111.1682294
300,2022-08-23 12:00:00,7.65,2.25,109.9456662
301,2022-08-23 13:00:00,7.7,3.1,124.019318
302,2022-08-23 14:00:00,8.3,3.6,116.6491018
303,2022-08-23 15:00:00,8.75,2.65,140.6392467
304,2022-08-23 16:00:00,8.4,3.35,102.9365315
305,2022-08-23 17:00:00,8.6,3.1,134.8766815
306,2022-08-23 18:00:00,8.1,3.6,122.9229861
307,2022-08-23 19:00:00,7.95,2.45,116.7173614
308,2022-08-23 20:00:00,7.5,3.8,110.6223788
309,2022-08-23 21:00:00,7.35,2.7,108.0613089
310,2022-08-23 22:00:00,6.9,3.8,124.5486705
311,2022-08-23 23:00:00,7.1,4.25,118.7329643
312,2022-08-24 00:00:00,7.4,4.25,108.2261738
313,2022-08-24 01:00:00,7.6,3.8,109.515699
314,2022-08-24 02:00:00,7.55,4.25,114.1762592
315,2022-08-24 03:00:00,7.3,3.55,118.1927212
316,2022-08-24 04:00:00,7.1,4.0,110.2937973
317,2022-08-24 05:00:00,6.5,5.15,115.2844829
318,2022-08-24 06:00:00,6.9,4.7,124.0642207
319,2022-08-24 07:00:00,6.25,5.6,121.2258934
320,2022-08-24 08:00:00,8.15,4.25,109.6798478
321,2022-08-24 09:00:00,8.05,4.45,106.9415765
322,2022-08-24 10:00:00,8.45,4.9,120.6943248
323,2022-08-24 11:00:00,9.45,4.0,112.31001
324,2022-08-24 12:00:00,9.6,4.05,111.7832487
325,2022-08-24 13:00:00,9.75,3.6,103.8083216
326,2022-08-24 14:00:00,9.85,4.0,102.7071077
327,2022-08-24 15:00:00,10.25,3.8,107.6725288
328,2022-08-24 16:00:00,9.7,4.5,124.3446308
329,2022-08-24 17:00:00,9.5,4.0,102.1533681
330,2022-08-24 18:00:00,9.5,3.8,106.6817651
331,2022-08-24 19:00:00,9.25,4.25,109.1394984
332,2022-08-24 20:00:00,8.95,4.25,116.0118935
333,2022-08-24 21:00:00,8.95,3.8,102.6105319
334,2022-08-24 22:00:00,8.8,4.5,100.8547672
335,2022-08-24 23:00:00,8.85,4.45,107.8861268
336,2022-08-25 00:00:00,8.2,4.7,123.6280459
337,2022-08-25 01:00:00,7.4,4.9,122.4298117
338,2022-08-25 02:00:00,7.9,4.7,118.0957195
339,2022-08-25 03:00:00,7.65,4.7,116.3150328
340,2022-08-25 04:00:00,7.5,4.5,115.3472737
341,2022-08-25 05:00:00,7.25,4.95,105.4835466
342,2022-08-25 06:00:00,6.6,4.9,117.5895816
343,2022-08-25 07:00:00,6.9,5.15,104.8434868
344,2022-08-25 08:00:00,7.25,5.35,122.1481226
345,2022-08-25 09:00:00,8.15,4.7,101.6737089
346,2022-08-25 10:00:00,9.4,3.15,108.1642703
347,2022-08-25 11:00:00,9.45,2.9,121.1606547
348,2022-08-25 12:00:00,9.55,3.1,103.2283474
349,2022-08-25 13:00:00,9.7,3.6,118.6261113
350,2022-08-25 14:00:00,10.0,2.9,111.8303573
351,2022-08-25 15:00:00,9.5,4.45,107.6623461
352,2022-08-25 16:00:00,9.2,4.9,115.006893
353,2022-08-25 17:00:00,9.25,4.9,105.4536003
354,2022-08-25 18:00:00,9.25,5.15,117.296981
355,2022-08-25 19:00:00,9.0,4.9,107.5025316
356,2022-08-25 20:00:00,8.75,4.25,104.9487702
357,2022-08-25 21:00:00,8.9,4.45,108.1675343
358,2022-08-25 22:00:00,8.55,4.05,123.1174052
359,2022-08-25 23:00:00,8.3,4.5,116.6066557
360,2022-08-26 00:00:00,7.8,4.9,118.6593
361,2022-08-26 01:00:00,7.75,3.8,124.0834982
362,2022-08-26 02:00:00,7.1,5.15,110.7337941
363,2022-08-26 03:00:00,7.75,3.1,107.6645223
364,2022-08-26 04:00:00,7.15,4.05,121.1882533
365,2022-08-26 05:00:00,6.9,4.0,109.9780845
366,2022-08-26 06:00:00,7.15,3.8,118.2420607
367,2022-08-26 07:00:00,6.65,3.1,115.9567425
368,2022-08-26 08:00:00,6.8,4.5,121.4482933
369,2022-08-26 09:00:00,6.75,2.9,109.8222076
370,2022-08-26 10:00:00,7.45,4.25,124.5948374
371,2022-08-26 11:00:00,7.45,2.65,107.9628021
372,2022-08-26 12:00:00,5.9,4.25,101.2389463
373,2022-08-26 13:00:00,6.35,3.6,131.2227766
374,2022-08-26 14:00:00,5.65,4.05,120.5883067
375,2022-08-26 15:00:00,6.05,2.9,120.3868605
376,2022-08-26 16:00:00,6.7,4.05,108.2787587
377,2022-08-26 17:00:00,7.0,2.25,122.708287
378,2022-08-26 18:00:00,6.9,2.9,115.6665682
379,2022-08-26 19:00:00,6.45,2.65,102.0097168
380,2022-08-26 20:00:00,6.6,2.9,116.8783333
381,2022-08-26 21:00:00,6.3,3.1,109.0550262
382,2022-08-26 22:00:00,6.45,3.35,104.0107163
383,2022-08-26 23:00:00,5.95,3.6,101.4658189
384,2022-08-27 00:00:00,5.65,2.0,142.6922389
385,2022-08-27 01:00:00,5.2,3.8,121.9921496
386,2022-08-27 02:00:00,5.65,4.0,100.5446669
387,2022-08-27 03:00:00,5.6,3.8,106.3692787
388,2022-08-27 04:00:00,5.85,3.15,101.5589937
389,2022-08-27 05:00:00,5.65,3.35,108.8691008
390,2022-08-27 06:00:00,5.8,3.55,109.407745
391,2022-08-27 07:00:00,5.7,3.15,117.4040236
392,2022-08-27 08:00:00,5.4,3.8,111.0658456
393,2022-08-27 09:00:00,6.05,4.5,121.7871105
394,2022-08-27 10:00:00,7.0,2.9,105.2341122
395,2022-08-27 11:00:00,7.4,2.65,102.8483014
396,2022-08-27 12:00:00,7.45,2.65,106.01426
397,2022-08-27 13:00:00,7.7,2.45,115.2069291
398,2022-08-27 14:00:00,7.85,2.45,114.8473557
399,2022-08-27 15:00:00,7.95,2.7,135.8580187
400,2022-08-27 16:00:00,7.75,3.15,116.2242811
401,2022-08-27 17:00:00,7.25,4.7,118.8376214
402,2022-08-27 18:00:00,7.7,3.6,107.7438668
403,2022-08-27 19:00:00,7.4,2.2,129.9576522
404,2022-08-27 20:00:00,6.85,3.35,112.9533181
405,2022-08-27 21:00:00,6.65,2.45,140.3968757
406,2022-08-27 22:00:00,6.6,3.8,122.5791408
407,2022-08-27 23:00:00,6.7,4.05,108.1832907
408,2022-08-28 00:00:00,6.85,4.7,105.763284
409,2022-08-28 01:00:00,7.0,4.05,103.0949828
410,2022-08-28 02:00:00,7.0,4.25,108.1920396
411,2022-08-28 03:00:00,7.15,3.55,101.2455639
412,2022-08-28 04:00:00,6.5,3.8,108.3293884
413,2022-08-28 05:00:00,6.35,4.25,102.9123192
414,2022-08-28 06:00:00,6.8,3.15,114.5829896
415,2022-08-28 07:00:00,6.3,3.55,121.9590232
416,2022-08-28 08:00:00,6.3,4.25,122.2647928
417,2022-08-28 09:00:00,6.45,4.9,113.3677268
418,2022-08-28 10:00:00,6.75,4.5,118.7515882
419,2022-08-28 11:00:00,7.3,4.5,110.459692
420,2022-08-28 12:00:00,7.9,3.8,100.8411294
421,2022-08-28 13:00:00,8.6,3.8,105.1541866
422,2022-08-28 14:00:00,8.8,3.15,105.8016128
423,2022-08-28 15:00:00,8.65,2.45,136.4251098
424,2022-08-28 16:00:00,8.5,3.15,124.639891
425,2022-08-28 17:00:00,7.5,4.0,110.5358498
426,2022-08-28 18:00:00,7.6,2.65,136.9022092
427,2022-08-28 19:00:00,7.85,2.25,143.3551219
428,2022-08-28 20:00:00,7.65,2.7,116.7715808
429,2022-08-28 21:00:00,7.35,3.8,120.123169
430,2022-08-28 22:00:00,7.25,3.15,102.1084129
431,2022-08-28 23:00:00,6.9,4.25,114.2407943
432,2022-08-29 00:00:00,7.05,4.25,102.8446895
433,2022-08-29 01:00:00,6.85,5.15,117.7794932
434,2022-08-29 02:00:00,7.2,3.8,108.0315618
435,2022-08-29 03:00:00,6.75,4.25,117.1203574
436,2022-08-29 04:00:00,6.8,4.05,121.7256673
437,2022-08-29 05:00:00,6.6,4.45,100.3285728
438,2022-08-29 06:00:00,6.5,4.5,110.7712166
439,2022-08-29 07:00:00,6.35,4.95,108.5539213
440,2022-08-29 08:00:00,6.35,4.7,119.5000427
441,2022-08-29 09:00:00,6.7,4.9,119.1424507
442,2022-08-29 10:00:00,7.05,4.9,116.3820068
443,2022-08-29 11:00:00,7.5,4.7,109.820532
444,2022-08-29 12:00:00,7.65,4.5,106.0797172
445,2022-08-29 13:00:00,8.95,3.8,103.2544608
446,2022-08-29 14:00:00,9.25,3.55,105.380955
447,2022-08-29 15:00:00,9.5,3.8,115.4945173
448,2022-08-29 16:00:00,9.55,2.9,137.2629724
449,2022-08-29 17:00:00,9.5,3.8,146.430476
450,2022-08-29 18:00:00,8.75,4.45,112.8635899
451,2022-08-29 19:00:00,8.7,4.0,123.3071877
452,2022-08-29 20:00:00,8.45,4.0,105.9083159
453,2022-08-29 21:00:00,8.2,3.6,113.9483891
454,2022-08-29 22:00:00,7.45,3.8,124.8080537
455,2022-08-29 23:00:00,7.45,4.7,120.4505684
456,2022-08-30 00:00:00,8.0,3.55,104.5481941
457,2022-08-30 01:00:00,7.05,4.95,114.0563751
458,2022-08-30 02:00:00,7.05,4.95,120.1807062
459,2022-08-30 03:00:00,7.05,4.7,123.5010993
460,2022-08-30 04:00:00,6.6,4.7,116.1647211
461,2022-08-30 05:00:00,6.65,5.4,105.1165565
462,2022-08-30 06:00:00,7.05,4.9,102.2709146
463,2022-08-30 07:00:00,6.4,5.4,109.232077
464,2022-08-30 08:00:00,7.2,4.95,124.36703
465,2022-08-30 09:00:00,7.35,4.7,107.1152675
466,2022-08-30 10:00:00,8.0,4.95,105.823944
467,2022-08-30 11:00:00,9.0,3.6,103.5799841
468,2022-08-30 12:00:00,9.05,3.8,122.3414823
469,2022-08-30 13:00:00,9.35,2.45,133.3066004
470,2022-08-30 14:00:00,8.25,3.35,113.9969604
471,2022-08-30 15:00:00,7.45,2.9,100.6026246
472,2022-08-30 16:00:00,8.25,4.25,111.9474586
473,2022-08-30 17:00:00,8.75,3.35,120.6840449
474,2022-08-30 18:00:00,7.4,3.35,101.6675424
475,2022-08-30 19:00:00,6.6,3.35,108.1012972
476,2022-08-30 20:00:00,7.35,3.15,109.7024324
477,2022-08-30 21:00:00,6.9,4.25,118.0562146
478,2022-08-30 22:00:00,6.8,1.75,123.9477214
479,2022-08-30 23:00:00,5.3,2.2,124.0208094
480,2022-08-31 00:00:00,6.35,2.2,138.0991358
481,2022-08-31 01:00:00,6.2,3.6,121.1139599
482,2022-08-31 02:00:00,6.25,2.45,107.3249968
483,2022-08-31 03:00:00,5.95,3.8,109.4965475
484,2022-08-31 04:00:00,5.45,2.45,105.8932191
485,2022-08-31 05:00:00,4.85,2.2,124.3544926
486,2022-08-31 06:00:00,4.8,2.45,100.4283388
487,2022-08-31 07:00:00,5.05,2.2,117.2393848
488,2022-08-31 08:00:00,4.75,2.2,132.041149
489,2022-08-31 09:00:00,5.15,2.9,117.7404117
490,2022-08-31 10:00:00,5.8,3.35,103.3785368
491,2022-08-31 11:00:00,5.8,2.2,102.1502536
492,2022-08-31 12:00:00,6.35,1.55,114.1714919
493,2022-08-31 13:00:00,5.8,4.25,122.1836792
494,2022-08-31 14:00:00,7.3,2.65,115.2182011
495,2022-08-31 15:00:00,7.05,1.75,142.5000081
496,2022-08-31 16:00:00,7.25,1.8,101.0833056
497,2022-08-31 17:00:00,6.95,3.35,137.904092
498,2022-08-31 18:00:00,6.5,2.7,131.6037398
499,2022-08-31 19:00:00,5.95,2.0,126.1914462
500,2022-08-31 20:00:00,5.6,2.45,103.3952088
501,2022-08-31 21:00:00,5.35,2.45,101.1323294
502,2022-08-31 22:00:00,5.65,2.7,110.0957135
503,2022-08-31 23:00:00,5.4,4.05,124.0938622
504,2022-09-01 00:00:00,5.3,3.8,122.0576222
505,2022-09-01 01:00:00,5.5,3.15,114.9492241
506,2022-09-01 02:00:00,5.3,4.0,109.9825556
507,2022-09-01 03:00:00,5.1,4.25,123.2093812
508,2022-09-01 04:00:00,5.15,4.05,119.1695453
509,2022-09-01 05:00:00,4.95,4.05,117.2699691
510,2022-09-01 06:00:00,5.05,3.35,101.2335146
511,2022-09-01 07:00:00,4.1,4.7,118.2371501
512,2022-09-01 08:00:00,4.85,3.1,120.1278784
513,2022-09-01 09:00:00,5.2,3.35,101.8370637
514,2022-09-01 10:00:00,5.45,3.8,134.6718945
515,2022-09-01 11:00:00,6.5,1.75,147.092167
516,2022-09-01 12:00:00,6.5,2.65,132.2975477
517,2022-09-01 13:00:00,7.1,2.25,117.4421747
518,2022-09-01 14:00:00,7.55,2.0,128.0122165
519,2022-09-01 15:00:00,7.05,2.7,134.9864857
520,2022-09-01 16:00:00,7.0,4.0,124.112947
521,2022-09-01 17:00:00,7.05,2.65,101.1194634
522,2022-09-01 18:00:00,6.75,2.7,112.2379691
523,2022-09-01 19:00:00,6.55,2.0,129.973667
524,2022-09-01 20:00:00,6.15,2.45,101.8380392
525,2022-09-01 21:00:00,5.85,2.9,139.9042875
526,2022-09-01 22:00:00,5.8,3.6,107.9826634
527,2022-09-01 23:00:00,6.2,2.9,119.4319748
528,2022-09-02 00:00:00,6.1,3.55,104.6781585
529,2022-09-02 01:00:00,6.3,2.9,100.8468895
530,2022-09-02 02:00:00,5.9,3.55,119.2727085
531,2022-09-02 03:00:00,5.6,3.35,132.8665764
532,2022-09-02 04:00:00,5.4,3.8,134.5252437
533,2022-09-02 05:00:00,5.2,4.05,128.797094
534,2022-09-02 06:00:00,4.9,4.7,109.3838239
535,2022-09-02 07:00:00,5.55,3.8,143.3426641
536,2022-09-02 08:00:00,5.25,4.5,144.3205359
537,2022-09-02 09:00:00,5.35,4.05,106.1813236
538,2022-09-02 10:00:00,6.2,4.0,117.3221712
539,2022-09-02 11:00:00,6.8,3.1,129.3270152
540,2022-09-02 12:00:00,7.85,2.45,111.0494153
541,2022-09-02 13:00:00,7.7,1.75,125.1081399
542,2022-09-02 14:00:00,7.65,4.05,130.0779978
543,2022-09-02 15:00:00,6.7,2.9,348.868685
544,2022-09-02 16:00:00,6.95,3.35,335.4588709
545,2022-09-02 17:00:00,5.35,3.6,122.843418
546,2022-09-02 18:00:00,6.45,2.2,70.60012209
547,2022-09-02 19:00:00,6.35,3.8,117.457925
548,2022-09-02 20:00:00,6.4,2.0,136.3364745
549,2022-09-02 21:00:00,6.35,3.55,109.6017715
550,2022-09-02 22:00:00,6.3,3.1,111.3673876
551,2022-09-02 23:00:00,5.6,2.9,122.4790023
552,2022-09-03 00:00:00,4.4,1.8,139.3844213
553,2022-09-03 01:00:00,5.0,2.0,125.6237972
554,2022-09-03 02:00:00,5.8,2.0,109.313248
555,2022-09-03 03:00:00,4.7,2.45,121.017443
556,2022-09-03 04:00:00,5.8,2.0,106.9829914
557,2022-09-03 05:00:00,5.15,1.35,110.977927
558,2022-09-03 06:00:00,4.85,1.75,108.0417939
559,2022-09-03 07:00:00,3.75,2.65,328.32646
560,2022-09-03 08:00:00,5.45,3.1,115.9301966
561,2022-09-03 09:00:00,5.9,1.55,94.79316945
562,2022-09-03 10:00:00,6.75,2.0,145.5369083
563,2022-09-03 11:00:00,5.9,1.1,276.8488283
564,2022-09-03 12:00:00,5.35,1.1,108.0914312
565,2022-09-03 13:00:00,5.9,2.45,137.6165957
566,2022-09-03 14:00:00,7.2,1.55,103.7073378
567,2022-09-03 15:00:00,7.1,1.55,77.88994439
568,2022-09-03 16:00:00,6.9,1.3,335.5570631
569,2022-09-03 17:00:00,6.45,2.9,122.1607539
570,2022-09-03 18:00:00,6.4,2.0,126.5704716
571,2022-09-03 19:00:00,5.55,3.6,107.8585938
572,2022-09-03 20:00:00,5.9,3.1,123.7917522
573,2022-09-03 21:00:00,5.0,1.75,146.4630759
574,2022-09-03 22:00:00,4.6,3.35,143.6928285
575,2022-09-03 23:00:00,5.85,2.0,122.0969875
576,2022-09-04 00:00:00,5.25,4.0,108.5521726
577,2022-09-04 01:00:00,5.65,2.45,144.1838217
578,2022-09-04 02:00:00,5.6,2.65,129.3475916
579,2022-09-04 03:00:00,4.95,2.25,142.1022562
580,2022-09-04 04:00:00,4.85,2.7,136.4496491
581,2022-09-04 05:00:00,4.8,2.9,124.272739
582,2022-09-04 06:00:00,4.65,3.8,137.6667214
583,2022-09-04 07:00:00,5.25,3.35,141.3439638
584,2022-09-04 08:00:00,5.4,3.8,146.2031178
585,2022-09-04 09:00:00,5.55,3.8,124.4469313
586,2022-09-04 10:00:00,5.9,1.8,128.0756154
587,2022-09-04 11:00:00,6.3,2.0,141.0653336
588,2022-09-04 12:00:00,6.4,3.55,139.1894962
589,2022-09-04 13:00:00,7.15,2.7,114.1399429
590,2022-09-04 14:00:00,6.85,2.45,126.380262
591,2022-09-04 15:00:00,7.45,2.65,146.5032402
592,2022-09-04 16:00:00,7.3,3.6,147.0607936
593,2022-09-04 17:00:00,7.45,2.9,130.1837771
594,2022-09-04 18:00:00,7.1,3.8,124.0675144
595,2022-09-04 19:00:00,7.25,3.8,146.3022612
596,2022-09-04 20:00:00,7.25,4.0,110.7493319
597,2022-09-04 21:00:00,7.35,4.25,105.5334719
598,2022-09-04 22:00:00,7.15,4.25,130.3904768
599,2022-09-04 23:00:00,6.85,3.35,145.6454043
600,2022-09-05 00:00:00,6.45,4.45,146.5851303
601,2022-09-05 01:00:00,7.3,3.15,124.9417831
602,2022-09-05 02:00:00,6.55,3.6,146.4081576
603,2022-09-05 03:00:00,6.15,4.25,137.7562053
604,2022-09-05 04:00:00,6.5,2.7,142.3809377
605,2022-09-05 05:00:00,5.95,4.5,145.7487017
606,2022-09-05 06:00:00,6.1,3.35,124.6631649
607,2022-09-05 07:00:00,6.15,3.35,123.5316291
608,2022-09-05 08:00:00,5.85,4.0,128.6818124
609,2022-09-05 09:00:00,7.2,3.1,105.5719463
610,2022-09-05 10:00:00,7.4,3.35,102.932551
611,2022-09-05 11:00:00,7.85,2.45,113.4573322
612,2022-09-05 12:00:00,7.6,4.9,106.4607208
613,2022-09-05 13:00:00,7.25,5.4,143.2189775
614,2022-09-05 14:00:00,7.7,4.7,125.1633398
615,2022-09-05 15:00:00,9.3,3.1,119.6838675
616,2022-09-05 16:00:00,10.05,2.45,136.5025093
617,2022-09-05 17:00:00,9.35,3.55,122.7652934
618,2022-09-05 18:00:00,9.35,3.55,135.8123458
619,2022-09-05 19:00:00,8.95,3.35,105.4488551
620,2022-09-05 20:00:00,8.2,3.8,114.6212181
621,2022-09-05 21:00:00,8.25,3.6,134.0711122
622,2022-09-05 22:00:00,7.6,4.5,139.6208876
623,2022-09-05 23:00:00,8.15,3.35,128.7610383
624,2022-09-06 00:00:00,8.4,2.9,123.2172072
625,2022-09-06 01:00:00,7.8,2.2,139.5841204
626,2022-09-06 02:00:00,7.3,3.6,145.5479717
627,2022-09-06 03:00:00,6.55,4.7,132.9893197
628,2022-09-06 04:00:00,6.9,4.45,142.6913008
629,2022-09-06 05:00:00,6.5,4.9,133.5312353
630,2022-09-06 06:00:00,6.1,4.9,118.930642
631,2022-09-06 07:00:00,6.2,5.35,100.4647337
632,2022-09-06 08:00:00,7.55,2.9,124.6281859
633,2022-09-06 09:00:00,7.25,3.35,124.5889272
634,2022-09-06 10:00:00,8.15,2.9,104.4053479
635,2022-09-06 11:00:00,8.95,1.55,135.3478173
636,2022-09-06 12:00:00,9.8,2.65,119.3370242
637,2022-09-06 13:00:00,10.05,4.95,109.040199
638,2022-09-06 14:00:00,9.0,4.7,107.4372246
639,2022-09-06 15:00:00,10.1,2.45,126.4755286
640,2022-09-06 16:00:00,10.5,2.9,122.429208
641,2022-09-06 17:00:00,9.9,2.9,129.4337227
642,2022-09-06 18:00:00,8.9,2.25,131.1262103
643,2022-09-06 19:00:00,7.45,4.45,123.9725546
644,2022-09-06 20:00:00,8.3,2.7,105.2633121
645,2022-09-06 21:00:00,7.95,2.45,135.5802919
646,2022-09-06 22:00:00,7.7,2.9,128.5636238
647,2022-09-06 23:00:00,7.95,2.65,137.2546688
648,2022-09-07 00:00:00,8.2,2.65,142.6688002
649,2022-09-07 01:00:00,6.35,2.9,132.2175147
650,2022-09-07 02:00:00,7.05,2.0,141.9305012
651,2022-09-07 03:00:00,6.85,3.55,140.2676339
652,2022-09-07 04:00:00,6.95,3.35,147.2437113
653,2022-09-07 05:00:00,6.7,3.35,123.2473206
654,2022-09-07 06:00:00,6.85,3.6,138.8995237
655,2022-09-07 07:00:00,6.1,3.35,113.3063815
656,2022-09-07 08:00:00,6.3,2.9,123.701926
657,2022-09-07 09:00:00,7.0,3.1,139.7858449
658,2022-09-07 10:00:00,7.6,2.2,111.7040551
659,2022-09-07 11:00:00,8.3,1.55,107.5166427
660,2022-09-07 12:00:00,8.8,1.55,133.0585282
661,2022-09-07 13:00:00,9.4,4.45,109.9566153
662,2022-09-07 14:00:00,9.7,5.15,102.7846287
663,2022-09-07 15:00:00,9.9,4.7,111.9660629
664,2022-09-07 16:00:00,8.85,2.0,119.2650255
665,2022-09-07 17:00:00,8.3,2.65,111.8343354
666,2022-09-07 18:00:00,7.8,2.45,130.5671592
667,2022-09-07 19:00:00,7.25,1.55,132.2366047
668,2022-09-07 20:00:00,8.2,5.15,140.0550033
669,2022-09-07 21:00:00,8.3,4.05,144.7368591
670,2022-09-07 22:00:00,6.75,1.55,141.2500615
671,2022-09-07 23:00:00,6.95,2.0,103.5737513
672,2022-09-08 00:00:00,7.0,1.8,170.6261377
673,2022-09-08 01:00:00,7.55,2.45,102.5870722
674,2022-09-08 02:00:00,6.1,2.0,3.337885076
675,2022-09-08 03:00:00,4.85,1.35,11.47355445
676,2022-09-08 04:00:00,4.3,0.65,2.024844516
677,2022-09-08 05:00:00,4.0,1.35,348.9977323
678,2022-09-08 06:00:00,3.2,1.55,127.1019854
679,2022-09-08 07:00:00,3.25,1.35,111.53961
680,2022-09-08 08:00:00,3.05,1.3,342.9724132
681,2022-09-08 09:00:00,2.8,2.45,134.8009048
682,2022-09-08 10:00:00,3.65,1.55,136.5070757
683,2022-09-08 11:00:00,4.35,0.4,343.7584499
684,2022-09-08 12:00:00,4.7,1.3,11.85909061
685,2022-09-08 13:00:00,5.05,1.55,132.3337335
686,2022-09-08 14:00:00,5.5,2.2,138.7190132
687,2022-09-08 15:00:00,5.35,1.35,326.5211678
688,2022-09-08 16:00:00,6.15,1.55,122.1287049
689,2022-09-08 17:00:00,5.8,1.8,144.513685
690,2022-09-08 18:00:00,5.2,1.55,169.5568598
691,2022-09-08 19:00:00,4.7,2.2,132.1535406
692,2022-09-08 20:00:00,4.6,1.55,131.1594584
693,2022-09-08 21:00:00,4.05,1.8,140.1001225
694,2022-09-08 22:00:00,4.3,2.0,137.8140316
695,2022-09-08 23:00:00,4.05,1.8,143.5757528
696,2022-09-09 00:00:00,3.45,1.8,145.8554409
697,2022-09-09 01:00:00,3.55,3.1,146.8610653
698,2022-09-09 02:00:00,3.3,3.35,144.8639507
699,2022-09-09 03:00:00,3.6,3.15,123.5196044
700,2022-09-09 04:00:00,2.95,3.8,124.8772549
701,2022-09-09 05:00:00,2.4,2.25,289.0782927
702,2022-09-09 06:00:00,2.45,1.55,102.935761
703,2022-09-09 07:00:00,2.85,2.25,42.535996
704,2022-09-09 08:00:00,2.85,1.75,140.8277171
705,2022-09-09 09:00:00,2.65,1.55,144.1438272
706,2022-09-09 10:00:00,3.4,0.9,108.2360896
707,2022-09-09 11:00:00,3.85,1.75,144.9023608
708,2022-09-09 12:00:00,4.85,1.1,341.1336362
709,2022-09-09 13:00:00,5.05,1.1,312.9772288
710,2022-09-09 14:00:00,5.3,2.0,345.5756345
711,2022-09-09 15:00:00,5.35,2.0,349.4923748
712,2022-09-09 16:00:00,4.25,1.1,334.5354667
713,2022-09-09 17:00:00,4.3,1.1,314.6421868
714,2022-09-09 18:00:00,4.0,1.1,7.555310381
715,2022-09-09 19:00:00,3.65,0.65,352.7472057
716,2022-09-09 20:00:00,3.25,1.75,7.649990338
717,2022-09-09 21:00:00,2.75,1.1,340.1196025
718,2022-09-09 22:00:00,2.75,1.1,97.4792707
719,2022-09-09 23:00:00,2.4,1.3,137.2257694
720,2022-09-10 00:00:00,2.8,2.2,129.4348603
721,2022-09-10 01:00:00,2.25,1.35,134.1316453
722,2022-09-10 02:00:00,1.2,1.1,313.3446944
723,2022-09-10 03:00:00,1.55,1.1,131.5512234
724,2022-09-10 04:00:00,1.15,1.55,145.0826943
725,2022-09-10 05:00:00,1.5,1.55,108.7502503
726,2022-09-10 06:00:00,0.95,1.1,135.9319475
727,2022-09-10 07:00:00,1.0,2.2,127.7917006
728,2022-09-10 08:00:00,1.55,0.4,6.100906168
729,2022-09-10 09:00:00,1.9,0.4,284.2540107
730,2022-09-10 10:00:00,2.55,1.55,135.5449901
731,2022-09-10 11:00:00,3.15,0.65,356.5040057
732,2022-09-10 12:00:00,3.55,1.1,130.0332857
733,2022-09-10 13:00:00,4.25,0.9,317.266989
734,2022-09-10 14:00:00,4.65,1.1,323.4293487
735,2022-09-10 15:00:00,4.6,2.0,347.3386578
736,2022-09-10 16:00:00,4.3,1.1,344.3523939
737,2022-09-10 17:00:00,4.2,0.9,330.6071655
738,2022-09-10 18:00:00,3.25,0.65,183.2691139
739,2022-09-10 19:00:00,3.0,1.1,140.2103646
740,2022-09-10 20:00:00,2.7,1.1,145.3300544
741,2022-09-10 21:00:00,2.35,0.65,340.0376587
742,2022-09-10 22:00:00,2.25,2.45,11.54152584
743,2022-09-10 23:00:00,2.4,2.0,348.8170122
744,2022-09-11 00:00:00,2.05,1.1,308.2761727
745,2022-09-11 01:00:00,2.0,0.85,359.0398267
746,2022-09-11 02:00:00,2.1,0.9,2.459628242
747,2022-09-11 03:00:00,1.6,1.3,130.1849404
748,2022-09-11 04:00:00,1.55,1.1,139.3926455
749,2022-09-11 05:00:00,1.45,1.8,128.0210702
750,2022-09-11 06:00:00,1.5,2.0,133.9662153
751,2022-09-11 07:00:00,2.05,1.75,135.4170236
752,2022-09-11 08:00:00,2.25,3.1,133.1936836
753,2022-09-11 09:00:00,3.45,3.1,134.7680498
754,2022-09-11 10:00:00,4.5,1.55,127.3450281
755,2022-09-11 11:00:00,5.05,1.1,125.3181277
756,2022-09-11 12:00:00,5.6,0.9,168.2997644
757,2022-09-11 13:00:00,6.4,2.0,125.9059677
758,2022-09-11 14:00:00,6.7,1.75,130.9416676
759,2022-09-11 15:00:00,7.05,3.15,142.4694437
760,2022-09-11 16:00:00,7.4,2.25,126.20697
761,2022-09-11 17:00:00,6.85,2.7,136.0837645
762,2022-09-11 18:00:00,6.7,2.45,144.0420327
763,2022-09-11 19:00:00,5.95,3.6,145.8359602
764,2022-09-11 20:00:00,6.1,3.6,133.9766552
765,2022-09-11 21:00:00,5.8,4.5,129.1947363
766,2022-09-11 22:00:00,5.45,4.7,127.2628044
767,2022-09-11 23:00:00,5.3,5.15,139.8452193
768,2022-09-12 00:00:00,4.8,5.35,125.7863212
769,2022-09-12 01:00:00,5.35,4.7,126.4579388
770,2022-09-12 02:00:00,5.5,4.0,139.9490212
771,2022-09-12 03:00:00,4.7,4.5,132.57694
772,2022-09-12 04:00:00,5.15,4.25,128.8556487
773,2022-09-12 05:00:00,4.9,5.15,129.961209
774,2022-09-12 06:00:00,4.65,5.8,135.8062344
775,2022-09-12 07:00:00,5.45,5.15,126.7568439
776,2022-09-12 08:00:00,6.3,4.45,123.2194845
777,2022-09-12 09:00:00,7.8,4.0,122.7806926
778,2022-09-12 10:00:00,8.45,4.0,135.0128769
779,2022-09-12 11:00:00,9.35,3.15,145.2292163
780,2022-09-12 12:00:00,9.6,2.9,145.9238784
781,2022-09-12 13:00:00,10.1,2.45,131.1619995
782,2022-09-12 14:00:00,9.75,3.6,136.037184
783,2022-09-12 15:00:00,8.9,4.45,131.31405
784,2022-09-12 16:00:00,9.5,4.7,135.0767071
785,2022-09-12 17:00:00,9.55,3.15,124.9449786
786,2022-09-12 18:00:00,9.2,3.8,129.5402598
787,2022-09-12 19:00:00,8.45,4.5,132.0226568
788,2022-09-12 20:00:00,8.05,4.45,141.9723566
789,2022-09-12 21:00:00,7.6,4.9,126.3250061
790,2022-09-12 22:00:00,8.05,4.95,132.3727459
791,2022-09-12 23:00:00,7.3,5.6,145.4916744
792,2022-09-13 00:00:00,8.0,4.9,128.8480822
793,2022-09-13 01:00:00,8.0,5.15,140.6816984
794,2022-09-13 02:00:00,8.3,5.15,130.2645236
795,2022-09-13 03:00:00,6.7,6.3,134.335234
796,2022-09-13 04:00:00,7.1,6.3,138.8822651
797,2022-09-13 05:00:00,7.85,5.8,139.5005865
798,2022-09-13 06:00:00,7.4,6.05,133.4637638
799,2022-09-13 07:00:00,7.9,5.6,123.325417
800,2022-09-13 08:00:00,8.5,5.6,132.8135107
801,2022-09-13 09:00:00,9.0,5.4,143.3385361
802,2022-09-13 10:00:00,10.4,5.15,145.2000073
803,2022-09-13 11:00:00,8.65,5.6,136.9590525
804,2022-09-13 12:00:00,8.95,6.5,143.3704178
805,2022-09-13 13:00:00,9.8,6.3,131.4885515
806,2022-09-13 14:00:00,9.45,6.95,143.6105474
807,2022-09-13 15:00:00,9.2,6.95,144.5811275
808,2022-09-13 16:00:00,11.5,4.05,138.1407566
809,2022-09-13 17:00:00,10.8,4.5,132.5298198
810,2022-09-13 18:00:00,9.5,6.3,128.8990424
811,2022-09-13 19:00:00,9.6,6.5,147.1590875
812,2022-09-13 20:00:00,10.9,6.25,138.3631794
813,2022-09-13 21:00:00,9.85,4.45,141.2333269
814,2022-09-13 22:00:00,9.45,5.15,144.3050262
815,2022-09-13 23:00:00,10.55,5.4,134.0984838
816,2022-09-14 00:00:00,11.55,6.95,129.4754868
817,2022-09-14 01:00:00,10.6,6.25,134.3638792
818,2022-09-14 02:00:00,11.6,6.25,123.4831999
819,2022-09-14 03:00:00,11.35,6.95,128.3493324
820,2022-09-14 04:00:00,9.95,4.9,135.9888403
821,2022-09-14 05:00:00,8.1,2.25,87.53920864
822,2022-09-14 06:00:00,8.3,2.9,141.2587967
823,2022-09-14 07:00:00,7.05,3.8,143.1329352
824,2022-09-14 08:00:00,7.1,3.35,158.9696177
825,2022-09-14 09:00:00,6.85,2.9,136.6096278
826,2022-09-14 10:00:00,7.75,2.2,137.4124179
827,2022-09-14 11:00:00,7.55,2.0,136.6159082
828,2022-09-14 12:00:00,8.4,2.25,134.4548528
829,2022-09-14 13:00:00,10.9,5.15,108.5999843
830,2022-09-14 14:00:00,10.3,5.85,142.6368978
831,2022-09-14 15:00:00,9.55,5.8,142.3028864
832,2022-09-14 16:00:00,9.3,4.25,129.6649858
833,2022-09-14 17:00:00,10.35,6.25,127.9489684
834,2022-09-14 18:00:00,9.85,4.7,128.8872451
835,2022-09-14 19:00:00,10.15,4.9,127.9796978
836,2022-09-14 20:00:00,7.65,1.35,158.8128642
837,2022-09-14 21:00:00,6.95,2.0,135.6303239
838,2022-09-14 22:00:00,8.25,2.9,130.218657
839,2022-09-14 23:00:00,8.8,4.7,143.179144
840,2022-09-15 00:00:00,7.8,4.9,124.6996795
841,2022-09-15 01:00:00,5.55,1.35,335.0721717
842,2022-09-15 02:00:00,5.15,1.55,347.3000911
843,2022-09-15 03:00:00,4.55,1.55,358.4647467
844,2022-09-15 04:00:00,4.0,2.9,128.2676896
845,2022-09-15 05:00:00,5.2,1.55,128.489896
846,2022-09-15 06:00:00,4.65,2.25,145.6098471
847,2022-09-15 07:00:00,4.5,2.65,116.1866497
848,2022-09-15 08:00:00,4.95,1.55,129.6196293
849,2022-09-15 09:00:00,4.7,2.2,125.6350118
850,2022-09-15 10:00:00,5.05,1.55,140.1092107
851,2022-09-15 11:00:00,4.9,2.25,136.8710423
852,2022-09-15 12:00:00,6.05,0.85,148.3774757
853,2022-09-15 13:00:00,5.5,0.65,149.2898966
854,2022-09-15 14:00:00,5.3,1.8,140.4375112
855,2022-09-15 15:00:00,5.55,1.75,123.4311949
856,2022-09-15 16:00:00,5.1,2.25,129.2687275
857,2022-09-15 17:00:00,5.55,1.1,146.3084016
858,2022-09-15 18:00:00,4.8,1.1,145.8519927
859,2022-09-15 19:00:00,4.55,2.0,142.2458664
860,2022-09-15 20:00:00,4.4,0.85,164.4632683
861,2022-09-15 21:00:00,4.7,0.85,125.1311219
862,2022-09-15 22:00:00,4.45,2.45,140.2521062
863,2022-09-15 23:00:00,4.45,1.1,348.3194475
864,2022-09-16 00:00:00,4.2,1.1,146.7737723
865,2022-09-16 01:00:00,3.75,1.1,142.0856362
866,2022-09-16 02:00:00,4.0,1.35,141.7506597
867,2022-09-16 03:00:00,3.6,0.65,169.4409046
868,2022-09-16 04:00:00,3.75,2.45,145.9061379
869,2022-09-16 05:00:00,3.75,2.9,140.7056892
870,2022-09-16 06:00:00,4.05,2.0,146.2186535
871,2022-09-16 07:00:00,3.2,1.3,125.9297287
872,2022-09-16 08:00:00,3.9,0.9,139.1228108
873,2022-09-16 09:00:00,3.75,0.4,42.06224578
874,2022-09-16 10:00:00,3.7,1.55,6.603178484
875,2022-09-16 11:00:00,4.4,1.35,145.7137806
876,2022-09-16 12:00:00,4.5,0.85,347.1517627
877,2022-09-16 13:00:00,3.95,1.55,350.5029616
878,2022-09-16 14:00:00,3.4,1.1,327.3970242
879,2022-09-16 15:00:00,3.2,0.4,173.028524
880,2022-09-16 16:00:00,3.4,1.1,161.9302656
881,2022-09-16 17:00:00,3.3,3.6,353.0508192
882,2022-09-16 18:00:00,3.25,4.05,22.13939595
883,2022-09-16 19:00:00,3.35,4.7,27.89893939
884,2022-09-16 20:00:00,2.55,5.15,18.02471041
885,2022-09-16 21:00:00,1.65,5.6,30.74315621
886,2022-09-16 22:00:00,1.5,6.95,30.32792654
887,2022-09-16 23:00:00,1.05,6.05,17.67632871
888,2022-09-17 00:00:00,0.2,4.95,30.19412286
889,2022-09-17 01:00:00,-0.55,6.3,348.0707121
890,2022-09-17 02:00:00,-1.0,5.15,10.25758225
891,2022-09-17 03:00:00,-2.35,8.25,22.23726808
892,2022-09-17 04:00:00,-2.85,6.5,12.76557626
893,2022-09-17 05:00:00,-3.7,6.25,354.8413641
894,2022-09-17 06:00:00,-3.95,5.15,328.970565
895,2022-09-17 07:00:00,-4.3,4.7,347.7790804
896,2022-09-17 08:00:00,-4.85,6.95,8.905363669
897,2022-09-17 09:00:00,-5.05,5.15,349.5356675
898,2022-09-17 10:00:00,-4.25,1.8,330.3402626
899,2022-09-17 11:00:00,-4.3,1.1,314.8056392
900,2022-09-17 12:00:00,-3.5,0.65,309.9028704
901,2022-09-17 13:00:00,-2.0,0.9,318.9839448
902,2022-09-17 14:00:00,-2.3,2.2,1.246775751
903,2022-09-17 15:00:00,-2.3,1.55,344.1122557
904,2022-09-17 16:00:00,-1.75,1.1,332.4674567
905,2022-09-17 17:00:00,-2.1,1.8,349.7258664
906,2022-09-17 18:00:00,-2.55,1.1,264.0324389
907,2022-09-17 19:00:00,-3.45,0.4,169.0299558
908,2022-09-17 20:00:00,-4.2,1.1,127.7505975
909,2022-09-17 21:00:00,-4.35,2.45,144.9294489
910,2022-09-17 22:00:00,-4.0,1.3,126.702546
911,2022-09-17 23:00:00,-4.1,1.75,134.2968568
912,2022-09-18 00:00:00,-3.9,2.45,145.7145546
913,2022-09-18 01:00:00,-3.25,2.45,126.0758501
914,2022-09-18 02:00:00,-3.05,3.55,141.9883863
915,2022-09-18 03:00:00,-2.65,3.8,139.0224039
916,2022-09-18 04:00:00,-1.55,2.65,140.6636367
917,2022-09-18 05:00:00,-1.75,3.1,149.5564602
918,2022-09-18 06:00:00,-2.1,2.45,154.2778797
919,2022-09-18 07:00:00,-1.35,3.8,140.101363
920,2022-09-18 08:00:00,-1.5,4.05,132.8734624
921,2022-09-18 09:00:00,-0.8,4.0,128.7686302
922,2022-09-18 10:00:00,1.0,1.35,144.3646048
923,2022-09-18 11:00:00,2.15,1.75,139.7717848
924,2022-09-18 12:00:00,3.2,1.1,116.9118187
925,2022-09-18 13:00:00,3.9,0.65,303.508945
926,2022-09-18 14:00:00,3.55,1.1,341.0942812
927,2022-09-18 15:00:00,4.2,0.4,304.12855
928,2022-09-18 16:00:00,4.7,2.0,9.039371701
929,2022-09-18 17:00:00,4.15,3.6,34.37052905
930,2022-09-18 18:00:00,3.0,1.55,297.4644208
931,2022-09-18 19:00:00,2.1,2.65,141.0010072
932,2022-09-18 20:00:00,2.2,2.2,136.9459443
933,2022-09-18 21:00:00,2.25,1.55,145.9988423
934,2022-09-18 22:00:00,2.3,1.3,147.5750912
935,2022-09-18 23:00:00,2.15,1.55,145.1693513
