<?xml version="1.0" encoding="UTF-8"?>
<info version="1.1">
  <general>
    <createDate>2025-04-12T18:44:43</createDate>
    <changeDate>2025-04-12T18:53:16</changeDate>
    <schema>iso19139</schema>
    <isTemplate>n</isTemplate>
    <localId>6614</localId>
    <format>full</format>
    <rating>0</rating>
    <popularity>38</popularity>
    <uuid>7eb9e2b2-a7af-45b5-9189-491b7d948781</uuid>
    <siteId>da467f4f-423b-490e-bcbc-9b8eaa165091</siteId>
    <siteName>SHARE GeoNetwork</siteName>
  </general>
  <categories>
    <category name="AtmClm" />
  </categories>
  <privileges>
    <group name="all">
      <operation name="view" />
      <operation name="download" />
      <operation name="dynamic" />
    </group>
  </privileges>
  <public>
    <file name="Data Usage Policy.pdf" changeDate="2025-02-04T14:42:33" />
    <file name="evk2cnr__.png" changeDate="2025-02-04T14:42:47" />
  </public>
  <private />
</info>

