"schema";"uuid";"id";"type";"isHarvested";"title";"abstract"
"iso19139";"7eb9e2b2-a7af-45b5-9189-491b7d948781";"6614";"METADATA";"n";"PYRAMID METEOROLOGICAL NETWORK - EVK2CNR";"The Pyramid Meteorological Network, located in Himalaya (Nepal), on the southern slopes of Mt. Everest is composed of 7 meteorological stations located between 2660 and 7986 m a.s.l., which have collected continuous climatic data during the last 30 years (1994-2023). These data are here available for download and specific for each parameter and each station on the dedicated Geoportal:
https://geoportal.mountaingenius.org/portal/index.php/data/"
"iso19139";"7eb9e2b2-a7af-45b5-9189-491b7d948781";"6614";"METADATA";"n";"PYRAMID METEOROLOGICAL NETWORK - EVK2CNR";"The Pyramid Meteorological Network, located in Himalaya (Nepal), on the southern slopes of Mt. Everest is composed of 7 meteorological stations located between 2660 and 7986 m a.s.l., which have collected continuous climatic data during the last 30 years (1994-2023). These data are here available for download and specific for each parameter and each station on the dedicated Geoportal:
https://geoportal.mountaingenius.org/portal/index.php/data/"
