,datetime,Unnamed: 0.1,Unnamed: 0,temp,ws,wdir,katabaticity,ws_model,wdir_model,temp_model,dewpoint_temp,pressure
0,2013-06-04 00:00:00,64059.5,64059.5,-1.3478333333333332,0.7428333333333333,250.61666666666667,0.3575760445993624,0.798839171097608,348.8007780249534,-1.5167488693438338,270.37591552734375,76952.8515625
1,2013-06-04 01:00:00,64071.5,64071.5,-1.4231666666666667,0.4045833333333333,99.24249999999999,-0.03893588640896593,0.8106956228037699,344.729635695498,-1.8016457199297713,270.1823272705078,76940.19921875
2,2013-06-04 02:00:00,64083.5,64083.5,-1.3874166666666667,0.6865,100.44583333333333,-0.10150492445523229,0.7584735399902711,341.08667971693984,-1.8467507003985213,270.06129455566406,76897.6171875
3,2013-06-04 03:00:00,64095.5,64095.5,-1.2983333333333333,0.9898333333333333,151.13333333333333,-0.2982659946626653,0.7526580036891688,338.769552438451,-2.0268959640703965,269.88645935058594,76855.51953125
4,2013-06-04 04:00:00,64107.5,64107.5,-1.6131666666666666,1.0195833333333333,169.29999999999998,-0.10028349178524361,0.8026370200301561,337.58930098489697,-2.2389320968828965,269.64353942871094,76854.953125
5,2013-06-04 05:00:00,64119.5,64119.5,-0.5923333333333333,2.264,106.0175,-0.16843530674368523,0.764066393525063,334.94080622364817,-1.4852852462969588,270.06455993652344,76862.87109375
6,2013-06-04 06:00:00,64131.5,64131.5,0.5960833333333334,1.4175000000000002,284.52500000000003,0.17225814466596354,0.7424603218025484,342.57123451182986,0.3245444656171036,270.86424255371094,76872.140625
7,2013-06-04 07:00:00,64143.5,64143.5,0.9994999999999999,1.1375,142.025,-0.162624740185535,0.8380465419757627,2.3009113947198365,1.8520255447186662,272.6545104980469,76927.46875
8,2013-06-04 08:00:00,64155.5,64155.5,3.8775,1.8332499999999998,218.52416666666667,-0.015951475474659464,0.923037886008965,17.31501650865436,3.8649802566327285,272.6662139892578,76947.6953125
9,2013-06-04 09:00:00,64167.5,64167.5,4.42725,1.2747499999999998,215.90666666666667,-0.22924953690219585,1.109746970104161,30.333332481870386,4.371312654093666,272.6832580566406,76952.1328125
10,2013-06-04 10:00:00,64179.5,64179.5,6.78725,1.5279999999999998,167.56666666666666,-0.8366506194306185,1.142687719497502,34.178874001229055,5.4147544265546035,272.27496337890625,76964.3828125
11,2013-06-04 11:00:00,64191.5,64191.5,6.626416666666667,2.5711666666666666,271.09,0.13131106895667063,1.1724657024555984,31.14115054426549,5.9120688796796035,272.3988342285156,76953.83203125
12,2013-06-04 12:00:00,64203.5,64203.5,6.51475,1.8645833333333333,240.56408333333331,-0.41587028543072896,1.1186568669554895,30.468437556003593,6.6829429031171035,272.443359375,76942.94140625
13,2013-06-04 13:00:00,64215.5,64215.5,7.590166666666666,1.3625833333333333,206.84166666666667,-0.10445200112701918,1.1009012572150751,24.2998156990522,7.0163474441327285,272.2947235107422,76906.53515625
14,2013-06-04 14:00:00,64227.5,64227.5,7.0609166666666665,1.6713333333333333,230.64083333333335,0.11899243057733065,1.2123348801949123,13.057945236094424,6.707341706828041,272.3942565917969,76917.1171875
15,2013-06-04 15:00:00,64239.5,64239.5,7.0945,1.7234999999999998,147.15583333333333,-0.7132249145092046,1.3911594010961756,11.186838651241453,6.071324861124916,272.8376770019531,76915.69140625
16,2013-06-04 16:00:00,64251.5,64251.5,7.25275,2.8251666666666666,290.15833333333336,0.4239385838556878,1.0576281256404678,11.701909188903677,7.059392488078041,272.7853240966797,76919.82421875
17,2013-06-04 17:00:00,64263.5,64263.5,6.030166666666666,2.8999166666666665,299.68333333333334,0.4750676479799241,0.9699445701343749,13.547970660553027,6.548009431437416,273.50677490234375,76936.1953125
18,2013-06-04 18:00:00,64275.5,64275.5,5.365749999999999,2.2984166666666668,288.40000000000003,0.7022498114729778,0.716241685366189,12.104475840899113,5.726323640421791,273.96107482910156,76943.71484375
19,2013-06-04 19:00:00,64287.5,64287.5,4.505583333333333,2.2300833333333334,291.4741666666667,0.6753508300930829,0.779738699787582,10.518919129801192,4.848882234171791,273.3042297363281,76960.578125
20,2013-06-04 20:00:00,64299.5,64299.5,3.8553333333333337,0.8903333333333333,221.61833333333334,0.3984121342101022,0.705430449066017,10.820386446794412,4.004643952921791,273.2667541503906,77000.23828125
21,2013-06-04 21:00:00,64311.5,64311.5,3.4319166666666665,0.9439166666666666,142.10583333333332,-0.15348567723678216,0.6344337479212504,9.059619992994556,3.068639314249916,273.3056640625,77015.89453125
22,2013-06-04 22:00:00,64323.5,64323.5,3.1338333333333335,0.9376666666666665,218.60166666666666,-0.20568716460961248,0.5722113345066568,359.5431621956314,2.249516999796791,273.3018798828125,77003.1328125
23,2013-06-04 23:00:00,64335.5,64335.5,2.6266666666666665,0.55825,162.21991666666665,-0.615830819775928,0.5342190208813591,353.0489939038584,1.4538016677655412,273.1428680419922,77006.265625
24,2013-06-05 00:00:00,64347.5,64347.5,2.2129166666666666,1.2397500000000001,178.73333333333335,-0.1280532910161651,0.5352646184098212,354.2229249899245,0.4217887283124161,272.6541290283203,76964.27734375
25,2013-06-05 01:00:00,64359.5,64359.5,1.7208333333333332,1.2625833333333334,99.86666666666667,-0.14736528793866918,0.5396731842625885,347.42372797454567,-0.7861122726641464,271.86070251464844,76970.08203125
26,2013-06-05 02:00:00,64371.5,64371.5,1.1428333333333334,1.05775,106.39166666666667,-0.2649257755004935,0.5569811896298063,340.47456193729414,-1.5423988937578963,271.0479431152344,76932.703125
27,2013-06-05 03:00:00,64383.5,64383.5,1.2688333333333335,1.2588333333333332,109.38333333333333,-0.2815233068515271,0.6132180125476899,336.0122869804409,-2.068506681843834,270.5015411376953,76913.8671875
28,2013-06-05 04:00:00,64395.5,64395.5,0.8948333333333333,1.47625,113.50833333333333,-0.38146092742338616,0.6315181531395884,322.49112624497343,-2.754450285359459,269.81536865234375,76900.234375
29,2013-06-05 05:00:00,64407.5,64407.5,0.7792499999999999,1.6828333333333332,117.39166666666667,-0.44704313199087253,0.622082938828106,305.5786638333232,-1.8745064377032088,270.6520080566406,76928.6953125
30,2013-06-05 06:00:00,64419.5,64419.5,1.054,1.7329999999999999,119.175,-0.47256450427683067,0.5014360594085396,303.86233805649454,-0.04038473360164638,271.6678466796875,76951.65234375
31,2013-06-05 07:00:00,64431.5,64431.5,3.3796666666666666,2.5076666666666667,115.875,-0.42677799930000715,0.13509813999552348,240.18679146254053,2.405889070109291,272.5526428222656,77008.96875
32,2013-06-05 08:00:00,64443.5,64443.5,5.553999999999999,2.354416666666667,126.53333333333335,-0.5867648480949158,0.4233090652548362,175.76018195889915,4.445806062296791,272.9046936035156,77021.74609375
33,2013-06-05 09:00:00,64455.5,64455.5,6.676916666666667,2.7716666666666665,135.07500000000002,-0.7039190479297458,0.21921719833104727,187.87337339673465,6.0011191726483535,272.245849609375,77025.34375
34,2013-06-05 10:00:00,64467.5,64467.5,7.655833333333334,2.6555833333333334,136.15,-0.714173944173386,0.2965869913086048,58.91500978868401,6.9732566238202285,272.25042724609375,77045.1171875
35,2013-06-05 11:00:00,64479.5,64479.5,8.832500000000001,1.9196666666666669,153.55241666666666,-0.8583165243138904,0.5623497746965792,64.69200421534897,7.4188742996014785,271.89707946777344,77037.1875
36,2013-06-05 12:00:00,64491.5,64491.5,8.700833333333334,2.1290833333333334,151.20000000000002,-0.8552760056179608,0.5879064583604474,43.554065802715925,7.7405906081952285,271.6845397949219,77013.6796875
37,2013-06-05 13:00:00,64503.5,64503.5,8.5575,1.9949999999999999,158.91175,-0.8950055041627482,0.43423336287111725,115.05535928075923,7.770940339640541,271.7451934814453,77028.9921875
38,2013-06-05 14:00:00,64515.5,64515.5,9.477500000000001,2.1006666666666667,165.80808333333334,-0.9468840018872514,0.2570665711924535,73.89562588247666,7.893193757609291,271.83624267578125,77031.52734375
39,2013-06-05 15:00:00,64527.5,64527.5,9.959999999999999,2.6640833333333336,142.79166666666666,-0.7385307970385314,0.18983227961505425,125.0557356781017,7.8223471999921035,271.0948181152344,77041.2734375
40,2013-06-05 16:00:00,64539.5,64539.5,10.623333333333333,2.4150833333333335,278.03249999999997,0.2155471940238721,0.3795998119939443,176.3009219801169,7.356877839640541,271.70477294921875,77050.5859375
41,2013-06-05 17:00:00,64551.5,64551.5,9.684166666666666,2.5949166666666668,262.62,-0.10826716021901228,0.33165088699560713,94.22520982249445,6.245214021281166,273.0037536621094,77067.375
42,2013-06-05 18:00:00,64563.5,64563.5,8.559166666666666,3.001583333333333,207.81833333333336,-0.2729816906678583,0.39146590481087,25.021396403505058,5.5725303054608535,274.10536193847656,77070.03125
43,2013-06-05 19:00:00,64575.5,64575.5,7.036833333333334,1.4849166666666667,196.6025,-0.48051754633979565,0.3587883720268677,342.6396066868099,4.895757234171791,274.06378173828125,77072.58203125
44,2013-06-05 20:00:00,64587.5,64587.5,5.611250000000001,0.94375,182.12333333333333,-0.2605114029607161,0.4513399124572306,316.0788700093288,3.5074668288983535,273.849853515625,77110.37109375
45,2013-06-05 21:00:00,64599.5,64599.5,5.17225,0.7895,266.43916666666667,0.3616213390656473,0.5645409306651037,314.2401528482956,2.276433503703041,273.4816436767578,77130.734375
46,2013-06-05 22:00:00,64611.5,64611.5,4.620833333333334,0.9481666666666667,139.81583333333333,-0.36975617797290256,0.6112434506219763,314.12676774833153,1.0738883376874162,273.04283142089844,77133.53515625
47,2013-06-05 23:00:00,64623.5,64623.5,3.8046666666666664,0.5446666666666666,176.6401666666667,-0.42064882604885595,0.7013920581734745,310.0510276300389,-1.5017189621172713,271.2593536376953,77133.25
48,2013-06-06 00:00:00,64635.5,64635.5,3.2946666666666666,1.1006666666666667,123.27499999999999,-0.5011352365195424,0.7744269461871857,309.31531109134676,-3.3272194503985215,269.36109924316406,77103.484375
49,2013-06-06 01:00:00,64647.5,64647.5,2.7906666666666666,1.2235833333333332,115.62166666666667,-0.20364753717629047,0.8186587168930876,309.7259579930276,-3.317957365437584,269.1875,77105.78125
50,2013-06-06 02:00:00,64659.5,64659.5,2.2505833333333336,1.43225,106.29166666666667,-0.26439090147399,0.8484281013437569,309.15418988880936,-3.7089333175860215,268.7427215576172,77078.35546875
51,2013-06-06 03:00:00,64671.5,64671.5,1.8322500000000002,1.5664166666666668,115.24166666666667,-0.4143717258309771,1.01213394614496,312.7569993765047,-4.1798500656328965,268.21717834472656,77048.66015625
52,2013-06-06 04:00:00,64683.5,64683.5,1.6189166666666666,1.46675,115.575,-0.4190778992343196,0.9762258289387505,309.7862788560252,-4.5543923019610215,267.7520446777344,77071.22265625
53,2013-06-06 05:00:00,64695.5,64695.5,1.2275,1.88675,118.88333333333333,-0.4763525212850757,0.8241044235071375,309.87426710564637,-3.2828774093828965,268.93064880371094,77097.59375
54,2013-06-06 06:00:00,64707.5,64707.5,1.8664166666666666,2.3518333333333334,112.95833333333333,-0.3783764012716959,0.5961698625923874,304.328995108209,-0.4696755050860214,271.3986358642578,77122.4453125
55,2013-06-06 07:00:00,64719.5,64719.5,4.437833333333333,2.5730833333333334,109.13333333333333,-0.3247592336973902,0.25604816256124474,312.59487073157663,2.5297446609296035,272.9341125488281,77200.81640625
56,2013-06-06 08:00:00,64731.5,64731.5,6.12725,3.081,120.69166666666666,-0.5026277832758665,0.4732678499837511,339.19412420126554,5.225133454874916,272.92138671875,77210.890625
57,2013-06-06 09:00:00,64743.5,64743.5,7.336666666666667,3.16025,131.85833333333332,-0.6659309393736456,0.6902613957426402,350.2009796079928,6.5574241042889785,271.66307067871094,77211.1640625
58,2013-06-06 10:00:00,64755.5,64755.5,8.215833333333334,2.9425000000000003,135.39166666666668,-0.6989187863108538,0.6257137263418984,30.03326153555417,6.9435935378827285,271.3568115234375,77245.95703125
59,2013-06-06 11:00:00,64767.5,64767.5,8.420833333333333,3.7252500000000004,142.81666666666666,-0.7823468127135454,0.7540763156278479,49.87523566666025,8.256871736124916,270.42633056640625,77250.33203125
60,2013-06-06 12:00:00,64779.5,64779.5,9.020833333333334,2.987,153.63333333333333,-0.8779711362838752,0.7912603168735192,61.67422183858989,8.579488313273353,270.47442626953125,77230.91796875
61,2013-06-06 13:00:00,64791.5,64791.5,10.1525,2.06725,175.51475000000002,-0.921170931579597,0.8004255851177127,56.04384061283922,8.943074739054603,270.09217834472656,77240.25
62,2013-06-06 14:00:00,64803.5,64803.5,9.785833333333334,2.9379166666666667,159.16275,-0.88885491977363,0.8484682251660365,51.03379496044303,8.748967683390541,270.24969482421875,77236.26953125
63,2013-06-06 15:00:00,64815.5,64815.5,10.571666666666667,2.6205,251.46666666666667,0.05807594328703201,0.6982029903254738,65.54082459570515,8.811376130656166,270.68878173828125,77230.33984375
64,2013-06-06 16:00:00,64827.5,64827.5,10.433333333333334,2.7373333333333334,262.46,-0.015027715232407835,0.43391434656886113,93.15165193976821,8.329991853312416,270.6322937011719,77227.90625
65,2013-06-06 17:00:00,64839.5,64839.5,9.419166666666667,2.535416666666667,236.385,-0.14820287561186082,0.2488979768688776,70.70987089729466,7.920964753703041,271.3833465576172,77233.59765625
66,2013-06-06 18:00:00,64851.5,64851.5,7.774166666666667,1.8130833333333334,241.13250000000002,-0.27029724732304566,0.3376450224432069,359.50025878817036,6.873113191203041,273.80763244628906,77231.90234375
67,2013-06-06 19:00:00,64863.5,64863.5,6.679166666666667,2.769083333333333,222.30916666666667,0.1421063258729516,0.16597140596604212,49.20876783241182,6.479375398234291,271.69471740722656,77247.84375
68,2013-06-06 20:00:00,64875.5,64875.5,5.38475,1.7379166666666668,246.85583333333332,0.36341235305763414,0.39029238517180037,339.01057545577925,4.9551291824139785,271.6680603027344,77286.64453125
69,2013-06-06 21:00:00,64887.5,64887.5,3.888666666666667,0.54275,147.9025,-0.38129937309557965,0.5015179698725984,324.3526394107911,3.459691560343666,271.567138671875,77281.3125
70,2013-06-06 22:00:00,64899.5,64899.5,3.656416666666667,1.2296666666666667,114.82166666666666,-0.2116783241700477,0.5940182693623168,330.1914993727774,2.146092927531166,271.3464050292969,77284.61328125
71,2013-06-06 23:00:00,64911.5,64911.5,3.0985833333333335,1.2606666666666666,118.97500000000001,-0.4493424680317646,0.6293442037276562,331.74831022604394,1.1721701980389787,271.0679168701172,77278.765625
72,2013-06-07 00:00:00,64923.5,64923.5,2.9008333333333334,1.6122500000000002,116.95833333333333,-0.4420744378642318,0.6932827433651364,329.50145519520834,0.4567771316327286,270.7275085449219,77278.25
73,2013-06-07 01:00:00,64935.5,64935.5,2.5321666666666665,1.4486666666666668,112.55,-0.3762155355250223,0.7558298385845179,326.5577985571277,-0.03689047090633388,270.3742218017578,77265.5390625
74,2013-06-07 02:00:00,64947.5,64947.5,2.398833333333333,1.461833333333333,112.325,-0.3611872061597687,0.8000981147553066,324.0548913486262,-0.4357399582110214,270.0870666503906,77239.80859375
75,2013-06-07 03:00:00,64959.5,64959.5,2.1450833333333335,1.58,118.39999999999999,-0.47030788376675714,0.9013878491539721,325.66168537683575,-2.8840736984453965,269.20787048339844,77201.7109375
76,2013-06-07 04:00:00,64971.5,64971.5,1.9710833333333333,1.7115833333333335,118.85000000000001,-0.4749609190209765,0.9361837486293495,326.3480063678456,-3.832392179890709,268.62017822265625,77177.85546875
77,2013-06-07 05:00:00,64983.5,64983.5,1.9886666666666668,1.5293333333333334,124.99166666666667,-0.5649907317478025,0.7634922745142072,322.526158570045,-1.4004158615313338,270.495361328125,77186.61328125
78,2013-06-07 06:00:00,64995.5,64995.5,2.0885,2.462666666666667,115.98333333333333,-0.4326296480996595,0.6000856945547897,326.8524564941261,2.682164704874916,273.13592529296875,77230.62890625
79,2013-06-07 07:00:00,65007.5,65007.5,5.248333333333333,2.5131666666666668,110.5,-0.3485191668929098,0.5554655875831562,338.9775181905109,5.8351951003827285,272.6813049316406,77266.37109375
80,2013-06-07 08:00:00,65019.5,65019.5,7.055,2.8514166666666667,121.625,-0.5214660152477528,0.5320911003806255,20.555925027657608,7.030766999796791,272.9813995361328,77273.73046875
81,2013-06-07 09:00:00,65031.5,65031.5,8.039166666666667,3.1786666666666665,132.73333333333332,-0.6724998510684953,0.5632954018352903,36.14832921882847,8.109685456828041,272.2396240234375,77274.73046875
82,2013-06-07 10:00:00,65043.5,65043.5,9.210833333333333,2.442,153.09808333333334,-0.8649779788751437,0.5195884957384563,49.228314287105256,8.971105134562416,272.18695068359375,77278.4609375
83,2013-06-07 11:00:00,65055.5,65055.5,9.339166666666666,3.4254166666666666,137.75808333333333,-0.7031097766593156,0.5981785231414883,49.34135831121879,9.508870637492103,272.3776397705078,77276.6171875
84,2013-06-07 12:00:00,65067.5,65067.5,9.895833333333334,3.613,143.86666666666667,-0.7864982495272467,0.765724929826689,58.927276243957515,9.930730378703041,272.8993835449219,77289.3515625
85,2013-06-07 13:00:00,65079.5,65079.5,10.805833333333332,2.8516666666666666,152.77133333333333,-0.7816782204315977,0.8141423104541559,63.988432812772935,9.596852815226478,273.42530822753906,77248.109375
86,2013-06-07 14:00:00,65091.5,65091.5,10.991666666666667,2.0535833333333335,191.8525,-0.5052562505645931,0.369908122491217,150.56102377130063,9.363317048624916,273.3890686035156,77262.00390625
87,2013-06-07 15:00:00,65103.5,65103.5,10.513333333333334,1.5676666666666668,184.165,-0.7111113630872642,0.8866369695833604,272.63934405463897,8.735585725382728,274.73475646972656,77254.53515625
88,2013-06-07 16:00:00,65115.5,65115.5,9.345,2.8835,121.3,-0.484693597545073,0.7551395009119652,300.613891883429,7.5519614578046035,274.6468811035156,77251.3046875
89,2013-06-07 17:00:00,65127.5,65127.5,9.519166666666667,1.986,204.135,-0.42699456386724105,0.4490274631217174,12.956564208574958,6.189458406046791,276.30979919433594,77271.85546875
90,2013-06-07 18:00:00,65139.5,65139.5,9.248333333333333,1.9406666666666668,232.76500000000001,-0.22870826670656888,0.5674657528419699,34.55361707726859,6.036870515421791,276.0715637207031,77287.546875
91,2013-06-07 19:00:00,65151.5,65151.5,7.705333333333333,1.0534999999999999,132.63758333333334,-0.10511007867354694,0.16190072082847767,36.22330118359654,6.7620444656171035,273.5724334716797,77247.953125
92,2013-06-07 20:00:00,65163.5,65163.5,6.274583333333333,1.11225,160.21083333333334,-0.20266580231710662,0.443468261153171,1.269701324848686,5.5052390456952285,273.3325653076172,77279.703125
93,2013-06-07 21:00:00,65175.5,65175.5,5.165666666666667,0.9605833333333332,110.09166666666668,-0.31627516982029513,0.4774321105268231,345.29399862673176,4.342137849406166,273.09901428222656,77299.80078125
94,2013-06-07 22:00:00,65187.5,65187.5,4.881166666666666,1.4138333333333335,127.90833333333335,-0.45186847532960056,0.534708119955591,335.38664612139235,3.2516684890546035,272.76148986816406,77291.82421875
95,2013-06-07 23:00:00,65199.5,65199.5,4.699,1.0534166666666667,129.32583333333335,-0.5337331285746946,0.44257863055021024,321.47963554175357,2.588567292765541,272.41131591796875,77275.71484375
96,2013-06-08 00:00:00,65211.5,65211.5,4.63775,1.0821666666666667,130.97375,-0.5911162422719939,0.3830561249058159,322.6274105787893,2.154943025187416,272.06703186035156,77250.359375
97,2013-06-08 01:00:00,65223.5,65223.5,4.686333333333333,2.688083333333333,118.35000000000001,-0.45027978069348923,0.4430044361701938,338.050766466642,1.7238669753827287,271.7724304199219,77223.76171875
98,2013-06-08 02:00:00,65235.5,65235.5,4.275083333333334,1.5823333333333334,130.59166666666667,-0.2500431694088328,0.48062803984480684,328.9191036935482,1.3587851882733537,271.45115661621094,77192.35546875
99,2013-06-08 03:00:00,65247.5,65247.5,3.56025,1.3627500000000001,96.84166666666665,-0.10649224729835284,0.4963018346951711,317.2054286323308,1.0436149001874162,271.1698913574219,77144.71875
100,2013-06-08 04:00:00,65259.5,65259.5,3.1026666666666665,1.8128333333333335,119.75833333333333,-0.47521858613164825,0.5822235158414005,323.1225192968382,0.7095389724530411,270.94720458984375,77117.90625
101,2013-06-08 05:00:00,65271.5,65271.5,3.45025,1.6836666666666666,115.44166666666666,-0.4126011993208738,0.4575076007866673,327.5882567318582,0.9252524734296036,271.89479064941406,77124.10546875
102,2013-06-08 06:00:00,65283.5,65283.5,3.4804999999999997,1.5685,109.64999999999999,-0.29468149235233604,0.038493471042982494,316.4535694824048,4.721868074015541,274.3015594482422,77152.0625
103,2013-06-08 07:00:00,65295.5,65295.5,6.405,2.9315833333333337,107.98333333333333,-0.3055382183716386,0.5859927803805562,178.33327149541537,6.485326325968666,274.58839416503906,77211.14453125
104,2013-06-08 08:00:00,65307.5,65307.5,8.714166666666666,2.614,113.3,-0.385843708782538,0.702042769331829,173.35505804750414,7.7140708328046035,274.0217590332031,77208.58984375
105,2013-06-08 09:00:00,65319.5,65319.5,9.741666666666667,3.2219166666666665,122.425,-0.5257990566311187,0.8203329119243106,162.9445974548856,8.603536164835853,274.1195373535156,77187.23828125
106,2013-06-08 10:00:00,65331.5,65331.5,10.809166666666668,3.077,132.54999999999998,-0.6680206992401175,0.9825142069062734,158.0584701844056,8.460515534953041,275.09425354003906,77180.140625
107,2013-06-08 11:00:00,65343.5,65343.5,10.907499999999999,3.406916666666667,137.44166666666666,-0.7323174707322391,1.2359470884587769,150.92808217900918,8.496404206828041,276.29566955566406,77146.953125
108,2013-06-08 12:00:00,65355.5,65355.5,10.803333333333333,3.432,133.71666666666667,-0.6810156051094162,1.3553588768376632,156.4133191700887,8.272420442179603,277.0214538574219,77119.76953125
109,2013-06-08 13:00:00,65367.5,65367.5,11.233333333333334,4.264583333333333,134.73333333333332,-0.6874341630877362,1.4894649474868034,160.9477658831927,8.336385285929603,277.7352600097656,77069.04296875
110,2013-06-08 14:00:00,65379.5,65379.5,11.313333333333333,3.6791666666666667,156.62133333333335,-0.8661088468426225,1.5573679626717936,159.9598674520482,7.934453523234291,277.9442138671875,77035.9765625
111,2013-06-08 15:00:00,65391.5,65391.5,11.530833333333334,3.618,141.975,-0.7523736926240053,1.5285066982271105,168.03799128006196,6.8105979324139785,277.03392028808594,77024.46484375
112,2013-06-08 16:00:00,65403.5,65403.5,10.036666666666667,7.1445,128.33333333333334,-0.617448840278334,1.1886074309323633,177.83553667643784,7.037602937296791,277.0315399169922,77019.6953125
113,2013-06-08 17:00:00,65415.5,65415.5,7.925833333333333,7.457666666666667,135.38333333333333,-0.6953887222993149,0.5704582712697472,189.72788065737817,7.324162995890541,277.69921875,77008.91015625
114,2013-06-08 18:00:00,65427.5,65427.5,8.090833333333334,2.51925,168.91583333333332,-0.6615775825487141,0.648477277519524,165.67372250511656,7.0028891921796035,277.9580993652344,76978.84765625
115,2013-06-08 19:00:00,65439.5,65439.5,6.94575,1.6033333333333335,190.265,-0.09197828934459627,0.7297615424682031,153.8924995117163,6.298711335734291,276.9210968017578,76921.2421875
116,2013-06-08 20:00:00,65451.5,65451.5,5.3694999999999995,1.0315833333333333,116.3455,-0.3532734230487984,0.6455196303427055,156.3374307508449,5.2447715163983535,276.2925109863281,76949.3125
117,2013-06-08 21:00:00,65463.5,65463.5,6.01025,3.36125,127.31166666666667,-0.538713141009023,0.5921836130724243,158.65806985170528,4.4841819167889785,276.4348907470703,76950.25
118,2013-06-08 22:00:00,65475.5,65475.5,5.8589166666666666,2.4225833333333333,114.47166666666668,-0.3069434412836028,0.49018060272463865,163.65404192067075,4.1997275710858535,276.4514923095703,76928.953125
119,2013-06-08 23:00:00,65487.5,65487.5,5.555083333333333,1.4409166666666666,147.74166666666665,-0.441377934546991,0.49143684048267583,155.28661192968133,4.0183005691327285,276.54969787597656,76918.3203125
120,2013-06-09 00:00:00,65499.5,65499.5,5.0365,1.1278333333333332,153.78333333333333,-0.06673770485393618,0.4220584400476328,145.23266066081194,3.7889609695233535,276.55894470214844,76857.859375
121,2013-06-09 01:00:00,65511.5,65511.5,5.8734166666666665,3.2618333333333336,163.71666666666667,-0.6514037413911576,0.43019716045152806,160.37091924155226,4.005040681437416,276.88108825683594,76826.4453125
122,2013-06-09 02:00:00,65523.5,65523.5,5.644166666666667,2.3089166666666667,129.34166666666667,-0.3723808236604161,0.23690680174696652,170.21370549040859,3.912053620890541,276.78623962402344,76797.37109375
123,2013-06-09 03:00:00,65535.5,65535.5,5.236666666666667,1.5016666666666667,165.69083333333333,-0.343261267008876,0.19415503017664623,159.53407638476514,3.6678367019452285,276.54034423828125,76751.578125
124,2013-06-09 04:00:00,65547.5,65547.5,4.2250000000000005,0.78825,144.709,0.0956331688474152,0.25883221716312876,177.95266261195428,3.4053244949139785,276.27899169921875,76740.08984375
125,2013-06-09 05:00:00,65559.5,65559.5,4.2757499999999995,1.0625,114.105,-0.25843299243966816,0.601639827025087,192.5565478936991,3.6295066238202285,276.42918395996094,76741.80859375
126,2013-06-09 06:00:00,65571.5,65571.5,5.508166666666667,0.9528333333333334,207.09833333333333,0.007500170046118064,0.8596688767822386,179.8260965191001,4.0807700515546035,276.5779571533203,76744.16015625
127,2013-06-09 07:00:00,65583.5,65583.5,8.446583333333333,1.1227500000000001,190.46666666666667,-0.17754757982886568,1.2856489982628794,167.321905348608,4.411473786906166,275.58518981933594,76751.6953125
128,2013-06-09 08:00:00,65595.5,65595.5,8.935833333333333,5.150416666666667,131.025,-0.6453056189934255,1.495673205491615,166.64568191663932,4.8939109206952285,275.0168151855469,76748.38671875
129,2013-06-09 09:00:00,65607.5,65607.5,8.361666666666666,5.2820833333333335,126.99166666666667,-0.596332343989109,1.5862507090973716,169.2614390017797,5.728307282999916,274.85902404785156,76747.21484375
130,2013-06-09 10:00:00,65619.5,65619.5,7.978333333333333,4.382083333333333,135.24166666666667,-0.6883940260378262,1.5287679379301509,158.64100131144585,6.3336692214764785,275.6720886230469,76734.42578125
131,2013-06-09 11:00:00,65631.5,65631.5,7.773333333333333,3.863416666666667,132.03333333333333,-0.6544386760566799,1.6038090590431708,152.0974135783684,6.2434592605389785,276.37098693847656,76725.96875
132,2013-06-09 12:00:00,65643.5,65643.5,8.296666666666667,3.9756666666666667,129.54166666666666,-0.6253919240071343,1.9007312119498696,159.80907955445434,6.5865073562421035,277.15989685058594,76723.4453125
133,2013-06-09 13:00:00,65655.5,65655.5,7.015999999999999,2.4255833333333334,152.47891666666666,-0.5502923789470191,1.7127879524124874,160.03015069635512,6.207067048624916,277.7975158691406,76658.92578125
134,2013-06-09 14:00:00,65667.5,65667.5,7.7058333333333335,3.016083333333333,150.35999999999999,-0.7994125310600624,1.4505186924641915,156.66129391310034,5.9505820632733535,277.75596618652344,76598.27734375
135,2013-06-09 15:00:00,65679.5,65679.5,6.602916666666666,5.008333333333334,123.63333333333333,-0.5489353903189621,1.6075563792240317,156.09810037521433,4.6603904128827285,276.5091857910156,76580.02734375
136,2013-06-09 16:00:00,65691.5,65691.5,4.634,4.133500000000001,175.3791666666667,-0.3882872470164833,1.2066709496493875,147.51276575136993,4.7593284011639785,276.7268829345703,76569.78125
137,2013-06-09 17:00:00,65703.5,65703.5,4.046333333333334,0.86625,246.71416666666664,0.26078334409673604,1.220359695380668,144.52478197152942,3.6709189773358535,276.1193542480469,76515.328125
138,2013-06-09 18:00:00,65715.5,65715.5,2.6475833333333334,1.4995833333333335,124.63333333333333,-0.5447128337441917,1.2445948593551772,145.07046130743933,2.8566184402264785,275.553466796875,76529.484375
139,2013-06-09 19:00:00,65727.5,65727.5,1.969,2.0051666666666668,112.58333333333333,-0.37861730768727964,0.9095052100437581,144.02273356129217,2.615087068156166,275.490234375,76510.97265625
140,2013-06-09 20:00:00,65739.5,65739.5,2.283,1.3425,158.59583333333333,-0.1263452799475176,0.7754843522183553,142.7136451511736,2.337163484171791,275.1749572753906,76507.3359375
141,2013-06-09 21:00:00,65751.5,65751.5,3.2159166666666668,4.80975,128.18333333333334,-0.582367220444437,0.6709917970385701,144.63256807652348,1.9578147292889787,274.80213928222656,76482.28515625
142,2013-06-09 22:00:00,65763.5,65763.5,3.230583333333333,4.581666666666667,134.125,-0.6855827359517873,0.5482166575248674,144.22224791770245,1.6489005447186662,274.4994659423828,76456.40625
143,2013-06-09 23:00:00,65775.5,65775.5,3.3355833333333336,3.259,129.13333333333333,-0.6161146354045822,0.34659817906025253,145.3766356579309,1.4119010329999162,274.2316131591797,76427.47265625
144,2013-06-10 00:00:00,65787.5,65787.5,3.082333333333333,3.1597500000000003,117.50833333333333,-0.43186546550636534,0.24888095753325698,208.5888726833367,1.2132163406171037,274.01654052734375,76384.046875
145,2013-06-10 01:00:00,65799.5,65799.5,3.0578333333333334,2.0249166666666665,114.78583333333334,-0.32001354315334896,0.28083372312304655,265.42198253153066,1.0651297927655412,273.8183288574219,76347.18359375
146,2013-06-10 02:00:00,65811.5,65811.5,2.8175833333333333,1.3241666666666667,183.7205,0.06216299811615291,0.30584258093407807,289.6707452633067,0.9429068923749161,273.7261505126953,76312.0234375
147,2013-06-10 03:00:00,65823.5,65823.5,2.1228333333333333,0.8726666666666666,78.01666666666667,0.15710476802678816,0.35690039266333384,306.7875909622724,0.7627158523358536,273.57798767089844,76285.1484375
148,2013-06-10 04:00:00,65835.5,65835.5,2.0865,1.1226666666666667,201.0975,0.2961702910100361,0.4042001452461863,321.84520307877017,0.7291159988202286,273.5036315917969,76276.15234375
149,2013-06-10 05:00:00,65847.5,65847.5,2.58325,0.6989166666666667,118.04166666666667,-0.13656060241066117,0.4942200360362832,328.29294855345603,0.8396048904217911,273.6363067626953,76278.49609375
150,2013-06-10 06:00:00,65859.5,65859.5,3.6025000000000005,0.50275,179.22891666666666,-0.5368898182127549,0.8628556527486756,334.5837016986666,0.9731803298749161,273.63792419433594,76302.1875
151,2013-06-10 07:00:00,65871.5,65871.5,4.46875,0.7024166666666667,209.71916666666667,-0.4621369800626261,0.18506649788053225,267.6136626396908,1.7710318923749162,273.1063537597656,76329.7734375
152,2013-06-10 08:00:00,65883.5,65883.5,4.7745,0.9528333333333334,171.79125,-0.7388730514265726,0.4846650409341034,301.54628794610676,2.4471030593671035,273.0724792480469,76341.1796875
153,2013-06-10 09:00:00,65895.5,65895.5,2.7434999999999996,1.3820833333333333,174.49916666666664,-0.3145885954673735,0.9571780122652348,323.08644293769794,2.234746491984291,273.1131134033203,76362.85546875
154,2013-06-10 10:00:00,65907.5,65907.5,1.5705,1.3164166666666668,197.19916666666666,0.235399997773719,1.1541961406710615,321.7800217033451,2.192113435343666,273.35044860839844,76401.35546875
155,2013-06-10 11:00:00,65919.5,65919.5,2.028583333333333,2.294166666666667,247.77083333333334,-0.22700925797070673,1.1870402330145842,322.3912173985684,2.273381745890541,273.74114990234375,76434.74609375
156,2013-06-10 12:00:00,65931.5,65931.5,2.6856666666666666,3.295083333333333,280.23583333333335,0.192335007403051,1.212742683199966,324.74339769970715,2.608464753703041,274.06031799316406,76444.0703125
157,2013-06-10 13:00:00,65943.5,65943.5,2.72025,3.6470833333333332,274.3883333333333,0.07309739863922246,1.26771187352186,325.3395653109522,2.8464255691327285,274.3467102050781,76452.58984375
158,2013-06-10 14:00:00,65955.5,65955.5,3.0557499999999997,3.8674166666666667,298.75,0.44068174080400996,1.4654625616341794,326.0296400006277,3.3739524246014785,274.3314514160156,76458.45703125
159,2013-06-10 15:00:00,65967.5,65967.5,3.4340833333333336,3.6659166666666665,266.79583333333335,0.32024665179913897,1.3782409439604861,329.2656764427012,3.3867698074139785,274.1165466308594,76458.18359375
160,2013-06-10 16:00:00,65979.5,65979.5,2.9196666666666666,4.000416666666666,292.4641666666667,0.3689648813413904,1.4145159857825307,326.49815269847585,2.752629792765541,273.7108612060547,76481.984375
161,2013-06-10 17:00:00,65991.5,65991.5,2.3925,3.389666666666667,294.375,0.38816621234517484,1.2125794677502362,326.49750292801195,2.9247947097577285,273.6820526123047,76521.24609375
162,2013-06-10 18:00:00,66003.5,66003.5,1.6890833333333333,3.3020833333333335,290.0408333333333,0.31149178552242845,0.9420318014043946,319.5841259877382,3.1407065749921035,273.8702850341797,76544.859375
163,2013-06-10 19:00:00,66015.5,66015.5,1.4459166666666665,2.123416666666667,261.04583333333335,-0.11565912527672917,0.9649655138819943,326.47879338763136,1.9259086013592912,273.43788146972656,76569.51953125
164,2013-06-10 20:00:00,66027.5,66027.5,0.61875,2.282083333333333,269.5891666666667,0.0010868779244727043,0.8908620258046145,322.04169887597175,1.5226340652264787,273.13584899902344,76616.3984375
165,2013-06-10 21:00:00,66039.5,66039.5,0.7059166666666666,0.9436666666666667,217.9,0.2265777156812289,0.8267239830727544,318.4560380757936,1.4297690749921037,273.074951171875,76652.1875
166,2013-06-10 22:00:00,66051.5,66051.5,0.7445833333333334,0.8128333333333333,239.04916666666668,0.30012107720049697,0.8510183799162034,325.3362934629983,0.8356223464764786,272.7664031982422,76659.55078125
167,2013-06-10 23:00:00,66063.5,66063.5,0.7145833333333332,0.3165,217.98333333333335,0.10958278129015038,0.9511346825656056,322.9346842544744,0.3686881423749161,272.4530029296875,76694.82421875
168,2013-06-11 00:00:00,66075.5,66075.5,0.7142499999999999,0.34708333333333335,178.43499999999997,0.1953956578654352,0.9668972662860164,321.15675753574857,0.05225137479679112,272.1728820800781,76667.0234375
169,2013-06-11 01:00:00,66087.5,66087.5,0.91675,0.8929999999999999,252.16083333333333,0.3756344298408402,0.9788630381809473,322.63779613205077,-0.4146675705157089,271.66490173339844,76691.34765625
170,2013-06-11 02:00:00,66099.5,66099.5,1.45575,1.028,225.58416666666665,-0.045162907201402536,1.0466122997116372,320.49036847896303,-0.8566078781328964,271.23486328125,76673.20703125
171,2013-06-11 03:00:00,66111.5,66111.5,1.4016666666666666,0.99175,295.12166666666667,0.344649841555368,1.0875589307659108,321.1016563514194,-1.2235054611407088,271.0005798339844,76669.12890625
172,2013-06-11 04:00:00,66123.5,66123.5,1.3942500000000002,0.60575,292.48083333333335,0.29342331956467826,1.0795950771922673,321.02072513511337,-1.0862221359453963,271.3188018798828,76684.40234375
173,2013-06-11 05:00:00,66135.5,66135.5,1.6780833333333334,1.7535833333333333,191.35358333333332,-0.9390559915270785,1.127451729345167,315.80714567036995,-0.2810463546953964,272.28160095214844,76716.734375
174,2013-06-11 06:00:00,66147.5,66147.5,1.8848333333333331,1.8985,258.11333333333334,-0.10989846967823441,1.2628687959200942,320.3562819632732,0.5975394607342911,273.0009002685547,76764.921875
175,2013-06-11 07:00:00,66159.5,66159.5,2.06725,2.005666666666667,260.3233333333333,-0.05370389768240837,1.606259324878986,326.1023651378308,1.9498649001874162,273.5416564941406,76820.15234375
176,2013-06-11 08:00:00,66171.5,66171.5,2.2800833333333332,2.3722499999999997,301.2808333333333,0.4524944093997261,1.7466045556950207,332.2408299486837,2.745336091593666,274.14024353027344,76862.88671875
177,2013-06-11 09:00:00,66183.5,66183.5,2.6165,1.915,275.2733333333333,0.0971038585382733,1.8748971518482356,339.0598441399108,3.650792634562416,274.07044982910156,76906.06640625
178,2013-06-11 10:00:00,66195.5,66195.5,3.3692499999999996,2.5085,293.56666666666666,0.7217596318316409,1.803902052137303,342.4149108559549,4.5259299636639785,273.88169860839844,76932.578125
179,2013-06-11 11:00:00,66207.5,66207.5,4.280333333333333,2.2312499999999997,281.82666666666665,0.20921112641487905,1.7188242577400152,350.3425500538954,5.1464743972577285,273.8018493652344,76960.28125
180,2013-06-11 12:00:00,66219.5,66219.5,4.541416666666667,3.062,310.53333333333336,0.641169404868527,1.6198010466190222,353.3566320048,5.838872468546791,274.16583251953125,76966.046875
181,2013-06-11 13:00:00,66231.5,66231.5,4.98925,3.158333333333333,281.5,0.1862883502472756,1.740130171804355,354.3406642642194,6.183324372843666,273.9187774658203,76965.66796875
182,2013-06-11 14:00:00,66243.5,66243.5,5.755083333333334,2.93775,282.1775,0.2010277716214266,1.8014253581633046,353.5115123528386,6.1750998855389785,273.7302703857422,76958.86328125
183,2013-06-11 15:00:00,66255.5,66255.5,5.834,2.5898333333333334,232.35333333333332,0.13024756248969874,1.5874954605248832,357.83736298112,5.891454255656166,273.7757110595703,76991.66796875
184,2013-06-11 16:00:00,66267.5,66267.5,5.5030833333333335,2.412,258.9483333333333,-0.001234661150271224,1.3314049336967944,5.788342374805246,5.922185456828041,273.5116271972656,76999.7265625
185,2013-06-11 17:00:00,66279.5,66279.5,4.967583333333334,2.5234166666666664,248.37833333333333,-0.32282529680746447,1.1520345293962448,354.765506660571,6.450261628703041,273.5166931152344,77028.71484375
186,2013-06-11 18:00:00,66291.5,66291.5,4.754666666666666,1.817,248.9025,-0.2547166360868111,0.9624585648089765,345.1581077016322,6.060826814249916,274.0479278564453,77079.671875
187,2013-06-11 19:00:00,66303.5,66303.5,4.365583333333333,1.501083333333333,235.4141666666667,-0.5132834229355202,0.905023110970629,337.7575702603715,4.6859336257733535,275.06202697753906,77097.38671875
188,2013-06-11 20:00:00,66315.5,66315.5,3.901,0.9734166666666667,226.58333333333334,0.1541992927622046,0.9570518589963469,339.8647829422324,4.0218711257733535,274.62950134277344,77162.72265625
189,2013-06-11 21:00:00,66327.5,66327.5,3.8395833333333336,0.9996666666666667,158.81666666666666,-0.036865942163069175,0.8666699548062524,333.889554010007,3.497136628703041,274.4916229248047,77187.41796875
190,2013-06-11 22:00:00,66339.5,66339.5,3.8206666666666664,1.8106666666666664,202.58916666666667,-0.372181785862127,0.8329867268825987,328.88268338051466,2.9116721511639785,274.3810577392578,77206.09765625
191,2013-06-11 23:00:00,66351.5,66351.5,3.3095833333333338,1.7660833333333332,181.5275,0.30639142506292844,0.8574516747700572,327.36811559449444,2.315709626749916,274.19915771484375,77217.84375
192,2013-06-12 00:00:00,66363.5,66363.5,3.099083333333333,1.205,239.47583333333333,-0.22366602234747965,0.8878227295637349,321.9072969519669,1.8447013259686662,273.9380187988281,77230.625
193,2013-06-12 01:00:00,66375.5,66375.5,2.9949999999999997,0.9440833333333333,242.24833333333333,-0.15377123067960896,0.9465208071552554,320.76844108098226,1.2333121658124162,273.5023498535156,77221.94140625
194,2013-06-12 02:00:00,66387.5,66387.5,2.9042499999999998,0.8095,186.82416666666666,0.044641326813027155,1.0028989074114716,323.0391583400333,0.4311271072186661,272.9224395751953,77220.9921875
195,2013-06-12 03:00:00,66399.5,66399.5,2.779166666666667,1.1920833333333334,230.23,0.3710199700184121,1.0164938323486499,324.8622412099442,0.09912637479679112,272.6376647949219,77189.1328125
196,2013-06-12 04:00:00,66411.5,66411.5,1.9201666666666668,0.8149166666666666,199.29250000000002,0.18395976525068622,1.0826247796169566,324.5697971465638,-0.2501473068438339,272.3648681640625,77198.68359375
197,2013-06-12 05:00:00,66423.5,66423.5,2.0189999999999997,1.2488333333333335,122.49166666666667,-0.05697129754566512,1.2819595971239228,323.83754989894743,0.5210013747967911,272.89483642578125,77225.10546875
198,2013-06-12 06:00:00,66435.5,66435.5,3.0094999999999996,1.1914166666666668,126.89166666666667,-0.5523288144671666,1.2686442389130415,326.56449593676115,1.9109092117108537,273.9781036376953,77269.93359375
199,2013-06-12 07:00:00,66447.5,66447.5,4.284416666666667,1.9614166666666666,260.175,0.1636945258015118,1.4152604727723608,331.5314290085867,2.7387595535077285,273.92962646484375,77318.83984375
200,2013-06-12 08:00:00,66459.5,66459.5,4.229916666666667,2.08575,275.555,0.09042790433340837,1.5400525380042722,334.9494973366733,3.9140220046796035,273.38865661621094,77338.7421875
201,2013-06-12 09:00:00,66471.5,66471.5,6.037333333333333,2.0675000000000003,237.64841666666666,0.1272527784515862,1.4863468463798903,340.8645422547956,4.9160971999921035,273.1556854248047,77370.625
202,2013-06-12 10:00:00,66483.5,66483.5,6.733499999999999,3.38125,310.575,0.5942747272570933,1.5861387343883881,346.40103876333274,6.0140586257733535,272.95945739746094,77390.41015625
203,2013-06-12 11:00:00,66495.5,66495.5,7.277583333333333,3.2070000000000003,304.87916666666666,0.5142838796103884,1.6175748184458643,350.8552439640358,6.687688386515541,272.9302673339844,77402.6796875
204,2013-06-12 12:00:00,66507.5,66507.5,7.745,3.175333333333333,275.71750000000003,0.4649787935811736,1.654789869319207,350.1602864717939,7.428746736124916,273.1606750488281,77395.28515625
205,2013-06-12 13:00:00,66519.5,66519.5,8.393333333333333,3.0308333333333333,307.51666666666665,0.5892666160393664,1.6499304560173957,349.26931580348145,7.4561057449139785,272.87074279785156,77388.01171875
206,2013-06-12 14:00:00,66531.5,66531.5,8.7975,3.325833333333333,299.21666666666664,0.47169765330731245,1.6709144922178545,349.31673677041823,7.5063376785077285,272.74549865722656,77400.32421875
207,2013-06-12 15:00:00,66543.5,66543.5,9.060833333333333,2.828666666666667,262.2583333333333,0.30922573505268897,1.5671575973450762,350.70257733582184,7.759801423624916,272.42320251464844,77401.33984375
208,2013-06-12 16:00:00,66555.5,66555.5,9.0375,2.939583333333333,288.2096666666667,0.29914509897300784,1.474528500331779,352.3650397250441,7.9754538894452285,272.11973571777344,77420.0546875
209,2013-06-12 17:00:00,66567.5,66567.5,9.284166666666666,2.716583333333333,289.27333333333337,0.308643700697475,1.2060477138811885,351.5276959762234,9.170049226359291,271.50816345214844,77445.265625
210,2013-06-12 18:00:00,66579.5,66579.5,8.158083333333334,2.198583333333333,296.03333333333336,0.7790967344120783,0.9954482438962903,358.86960367134554,8.837972199992103,271.92755126953125,77484.4296875
211,2013-06-12 19:00:00,66591.5,66591.5,6.415083333333333,1.4148333333333334,157.35325,-0.17971454670725587,0.7332002955299801,0.5246610406716111,7.8856711746014785,271.25006103515625,77483.44140625
212,2013-06-12 20:00:00,66603.5,66603.5,4.629833333333333,0.8109166666666666,106.875,0.10212400678980975,0.7253959833575314,353.19863027959684,6.5754905105389785,271.3740997314453,77526.6015625
213,2013-06-12 21:00:00,66615.5,66615.5,4.275833333333334,1.3594166666666665,96.65833333333335,-0.0905335747197944,0.7507430818622776,344.14962082734576,5.2765708328046035,271.4540557861328,77547.58984375
214,2013-06-12 22:00:00,66627.5,66627.5,3.57725,1.1239999999999999,112.81666666666666,-0.34871739003817614,0.732486455295459,342.0164690771442,4.112889802531166,271.4493408203125,77570.05078125
215,2013-06-12 23:00:00,66639.5,66639.5,3.0720833333333335,1.5844166666666666,113.19166666666666,-0.37004145022425966,0.7670929216351063,336.5869585562795,3.074773347453041,271.3671569824219,77557.92578125
216,2013-06-13 00:00:00,66651.5,66651.5,2.91775,1.3024166666666666,109.86666666666667,-0.32070616978529715,0.7829177086967738,333.49887101252114,2.1859336257733535,271.22601318359375,77540.05078125
217,2013-06-13 01:00:00,66663.5,66663.5,2.9023333333333334,1.1027500000000001,130.54833333333332,-0.35602633906007775,0.7936549250970399,334.6355901776156,1.5492453933514787,271.0877227783203,77519.88671875
218,2013-06-13 02:00:00,66675.5,66675.5,2.8364166666666666,1.9486666666666668,117.125,-0.4424081427322339,0.8186340076059015,333.9603205391814,0.9901938796796036,270.87408447265625,77498.41015625
219,2013-06-13 03:00:00,66687.5,66687.5,3.374,2.1650833333333335,127.89408333333334,-0.5290163519766696,0.8796161889075655,328.26917255116666,0.5657706619061661,270.6444854736328,77489.5859375
220,2013-06-13 04:00:00,66699.5,66699.5,2.8535833333333334,1.1775833333333334,120.14166666666667,-0.4579771474446424,0.9471203526711707,323.5515827279911,0.2812400222577286,270.4896697998047,77482.875
221,2013-06-13 05:00:00,66711.5,66711.5,2.8455833333333334,2.1831666666666667,121.08333333333333,-0.4950658413668431,0.7362603771729394,319.3215566281309,1.4803977371014787,272.03846740722656,77487.76171875
222,2013-06-13 06:00:00,66723.5,66723.5,3.8091666666666666,2.8484166666666666,107.16666666666667,-0.2865609727487892,0.4122761721036273,310.6804177978629,6.0894675613202285,274.04273986816406,77507.890625
223,2013-06-13 07:00:00,66735.5,66735.5,7.34325,2.3394999999999997,114.71666666666665,-0.39354984068281856,0.2854014629967141,313.38173420839513,8.230367219523353,273.97821044921875,77585.65234375
224,2013-06-13 08:00:00,66747.5,66747.5,9.6175,2.771333333333333,111.10833333333333,-0.3423810147634021,0.09962575674921302,359.72795898027334,9.849996125773353,273.5789489746094,77585.23046875
225,2013-06-13 09:00:00,66759.5,66759.5,10.695833333333333,2.7274166666666666,126.875,-0.5805864822017975,0.14631181407577845,137.6459218677066,11.276952302531166,273.9706573486328,77578.12109375
226,2013-06-13 10:00:00,66771.5,66771.5,11.695,2.8682499999999997,128.99166666666667,-0.6113940226092694,0.47039861679590483,153.58180694314473,12.502507722453041,274.4717102050781,77557.9453125
227,2013-06-13 11:00:00,66783.5,66783.5,12.734166666666667,2.6843333333333335,128.98333333333332,-0.5958341533639818,0.8080208617402186,159.56818522679754,13.496266877726478,275.1335144042969,77546.87890625
228,2013-06-13 12:00:00,66795.5,66795.5,13.395833333333334,3.232583333333333,138.00833333333333,-0.673909561788684,0.694146884391955,154.16832899517215,14.757527864054603,274.82240295410156,77501.8671875
229,2013-06-13 13:00:00,66807.5,66807.5,13.634166666666667,3.2655,170.81316666666666,-0.9812566987010253,0.959059742536594,158.6485334951378,15.501912629679603,275.05418395996094,77469.05859375
230,2013-06-13 14:00:00,66819.5,66819.5,13.9775,3.20525,171.611,-0.9797357537550823,1.2875943625424484,161.91860952529942,14.034932649210853,275.9014434814453,77441.0390625
231,2013-06-13 15:00:00,66831.5,66831.5,14.4,2.7110833333333333,176.61,-0.9831716544934158,1.366263676956257,163.61981024074652,13.616994416788978,276.67247009277344,77429.7734375
232,2013-06-13 16:00:00,66843.5,66843.5,14.658333333333333,2.6121666666666665,170.74316666666667,-0.9657183025752275,1.1543717575470682,164.79244507161508,14.520192658976478,277.2803497314453,77406.9609375
233,2013-06-13 17:00:00,66855.5,66855.5,14.268333333333333,2.234,165.19091666666665,-0.837670192732384,1.0664943128338182,147.9226903696952,13.663976228312416,278.2550964355469,77413.37890625
234,2013-06-13 18:00:00,66867.5,66867.5,12.993333333333332,1.5258333333333332,179.06291666666667,-0.867219462904922,0.7681081245791218,136.2041176098448,12.526937043742103,279.42718505859375,77434.27734375
235,2013-06-13 19:00:00,66879.5,66879.5,10.3075,1.02125,122.8975,-0.4055544138856923,0.9060052743968222,152.96655449738708,11.475530183390541,279.2935485839844,77373.87890625
236,2013-06-13 20:00:00,66891.5,66891.5,9.156666666666666,1.6938333333333333,117.80833333333334,-0.4533493492970932,0.6645315020976256,149.85613714373332,10.212255036906166,279.4040985107422,77396.0625
237,2013-06-13 21:00:00,66903.5,66903.5,8.525833333333333,2.589916666666667,118.05833333333334,-0.4587481375536044,0.44760317364712326,153.02063168538544,9.065907991007728,279.45550537109375,77404.88671875
238,2013-06-13 22:00:00,66915.5,66915.5,7.933333333333334,2.275333333333333,121.28333333333335,-0.4993294226991514,0.19126821632126143,145.13244142205076,8.159627473429603,279.4886474609375,77386.6484375
239,2013-06-13 23:00:00,66927.5,66927.5,7.843333333333334,2.32375,120.25833333333333,-0.4986068700337136,0.1528435426805858,16.357401760390225,7.612798249796791,279.4625244140625,77387.94140625
240,2013-06-14 00:00:00,66939.5,66939.5,7.605833333333333,2.2714166666666666,114.27499999999999,-0.40371771336184764,0.5120054427961838,338.9596846494595,7.1866355300702285,279.2146759033203,77379.7109375
241,2013-06-14 01:00:00,66951.5,66951.5,7.69,2.7533333333333334,120.40833333333335,-0.4979063157392393,0.7185325322173126,335.24006032014745,7.0183005691327285,279.0823059082031,77376.53125
242,2013-06-14 02:00:00,66963.5,66963.5,7.386416666666666,1.7546666666666664,142.83,-0.33985640817393103,0.7786946409983865,341.4572081526713,6.5849814773358535,278.724609375,77330.9921875
243,2013-06-14 03:00:00,66975.5,66975.5,6.827500000000001,1.2483333333333333,216.05083333333334,0.13496018840306898,0.8691317643021532,335.3005158133354,6.488957917765541,278.59983825683594,77302.15234375
244,2013-06-14 04:00:00,66987.5,66987.5,5.6297500000000005,1.5778333333333332,114.8,-0.38689290216303784,0.8497111978246922,344.755687551871,6.554814851359291,278.5846862792969,77297.64453125
245,2013-06-14 05:00:00,66999.5,66999.5,5.986833333333333,1.2604166666666667,137.8225,-0.5791705201436202,0.897443620402048,351.1959004549102,6.8709922195233535,278.94911193847656,77303.86328125
246,2013-06-14 06:00:00,67011.5,67011.5,6.612916666666667,0.8143333333333334,203.1699166666667,-0.3614028096429409,0.8060113143523849,8.422468512441554,6.939336335734291,279.3529357910156,77317.3515625
247,2013-06-14 07:00:00,67023.5,67023.5,6.691166666666667,0.9145833333333333,230.35425,-0.47252626203396014,0.8022822763998331,34.38673487804618,7.808232820109291,279.0638427734375,77367.2734375
248,2013-06-14 08:00:00,67035.5,67035.5,6.553249999999999,1.46925,231.55766666666668,-0.3556614676555716,0.9499860723805452,61.63404702642937,8.179021394328041,279.04393005371094,77358.578125
249,2013-06-14 09:00:00,67047.5,67047.5,6.477583333333333,1.283,262.46641666666665,0.004494242395788763,1.0107263319642363,110.40641386100332,8.930470979288978,278.9329376220703,77363.3046875
250,2013-06-14 10:00:00,67059.5,67059.5,8.946666666666667,0.8631666666666667,181.32741666666666,-0.8933648708972974,1.2556670302416937,144.69633984623766,8.257070100382728,278.444091796875,77362.4140625
251,2013-06-14 11:00:00,67071.5,67071.5,12.131666666666668,2.69725,196.88166666666666,-0.5044266131286682,1.4791946871550794,149.81368074677812,8.150716340617103,278.16627502441406,77344.4765625
252,2013-06-14 12:00:00,67083.5,67083.5,11.923333333333334,5.4065,137.70833333333334,-0.7313750929649793,1.5574673306267512,160.84842308455032,8.204045808390541,278.47483825683594,77328.3046875
253,2013-06-14 13:00:00,67095.5,67095.5,12.221666666666666,6.509666666666667,137.64166666666668,-0.735560813175072,1.6074480614319473,159.40639730728546,8.513051545695228,278.7002716064453,77309.796875
254,2013-06-14 14:00:00,67107.5,67107.5,12.460833333333333,5.81425,136.81666666666666,-0.717842966736859,1.658078074576549,162.97641200359178,8.203511750773353,278.6327667236328,77296.51953125
255,2013-06-14 15:00:00,67119.5,67119.5,12.4425,4.877583333333333,147.79999999999998,-0.8371541666658052,1.2719548346695657,167.7646876807834,9.963017976359291,279.9507751464844,77289.9296875
256,2013-06-14 16:00:00,67131.5,67131.5,12.600833333333334,4.434166666666667,153.45000000000002,-0.8781119519097816,1.2497184042342027,167.06808226540235,9.538228547648353,280.5108184814453,77276.51171875
257,2013-06-14 17:00:00,67143.5,67143.5,12.31,2.8067499999999996,145.46583333333334,-0.7424006557480257,0.9178494058666471,155.23142891798366,9.795140779093666,280.9844512939453,77284.7265625
258,2013-06-14 18:00:00,67155.5,67155.5,11.215833333333334,3.0615,125.14166666666667,-0.5165545887950278,0.7947427634953217,149.94426005713586,9.256154573038978,281.07044982910156,77295.91796875
259,2013-06-14 19:00:00,67167.5,67167.5,9.911666666666667,1.12425,164.96574999999999,-0.3073092903248446,0.8392669242426327,161.02089156697667,8.813832795695228,280.1941223144531,77270.2109375
260,2013-06-14 20:00:00,67179.5,67179.5,8.9025,1.3080833333333335,137.52583333333334,-0.48994754960174863,0.631990162278436,166.31621400162362,8.287038362101478,280.0079345703125,77308.9765625
261,2013-06-14 21:00:00,67191.5,67191.5,8.480833333333333,0.89525,176.4,-0.17270586999124782,0.3986847096877823,178.96490849518548,7.3625998855389785,280.02125549316406,77336.296875
262,2013-06-14 22:00:00,67203.5,67203.5,8.016666666666667,1.3697499999999998,119.70833333333333,-0.4178632987136888,0.22645631513373288,203.1894658518667,7.170812165812416,279.9345703125,77329.91796875
263,2013-06-14 23:00:00,67215.5,67215.5,7.4383333333333335,2.2615,120.69166666666666,-0.4248132309202269,0.04423112379786879,96.51699632550108,6.7741294265546035,279.5984649658203,77314.90234375
264,2013-06-15 00:00:00,67227.5,67227.5,6.897749999999999,1.5389166666666665,124.22500000000001,-0.3519874658296105,0.03234941576064183,225.998549370869,6.4599814773358535,279.2867431640625,77297.4765625
265,2013-06-15 01:00:00,67239.5,67239.5,6.228000000000001,1.636,109.93333333333334,-0.2761952428567016,0.15952948684312349,264.3984683218333,5.867284333781166,278.7085418701172,77278.22265625
266,2013-06-15 02:00:00,67251.5,67251.5,6.421583333333333,2.0374166666666667,113.52499999999999,-0.3839111933216206,0.22266338029569913,295.6541205423714,5.3975730300702285,278.2355499267578,77249.19140625
267,2013-06-15 03:00:00,67263.5,67263.5,6.206416666666667,2.137916666666667,117.14166666666667,-0.42165736785286095,0.2773794371983775,295.70060597059677,4.718999421671791,277.571044921875,77205.69140625
268,2013-06-15 04:00:00,67275.5,67275.5,6.102416666666667,1.7750833333333331,125.43,-0.3953762655639081,0.4143850056295581,294.0998018455775,4.2751365066327285,277.1339111328125,77200.37890625
269,2013-06-15 05:00:00,67287.5,67287.5,6.318833333333333,2.168416666666667,105.15833333333335,-0.2662994035098484,0.4153620220696298,281.06638559855486,5.0194602371014785,277.7369079589844,77218.203125
270,2013-06-15 06:00:00,67299.5,67299.5,6.721916666666666,2.255666666666667,111.39999999999999,-0.33060320719450725,0.36907970371058485,233.08509575638666,6.609777009562416,278.87770080566406,77241.68359375
271,2013-06-15 07:00:00,67311.5,67311.5,10.639166666666666,1.683,144.78266666666664,-0.588094636094553,0.5467162536223132,176.61269276210297,8.461934602335853,280.2537536621094,77322.3203125
272,2013-06-15 08:00:00,67323.5,67323.5,12.266666666666666,1.272,180.61249999999998,-0.26463852762690415,0.7431019578177962,174.34595011813943,10.216649568156166,280.95196533203125,77320.6171875
273,2013-06-15 09:00:00,67335.5,67335.5,13.3425,2.1565,133.5,-0.6156733938655631,0.8487748373180325,194.01276046615774,10.999745881632728,280.7982177734375,77346.2890625
274,2013-06-15 10:00:00,67347.5,67347.5,14.225833333333334,2.1526666666666667,175.36666666666667,-0.20881729347734238,0.940037579880042,168.09855291653747,11.984517610148353,281.1063995361328,77369.16015625
275,2013-06-15 11:00:00,67359.5,67359.5,13.878333333333332,1.8079166666666666,228.92916666666667,0.07597588244841848,0.7189877393207658,189.39155635800935,11.359456574992103,279.7943572998047,77344.74609375
276,2013-06-15 12:00:00,67371.5,67371.5,13.798333333333334,3.1804166666666664,129.98333333333332,-0.5682990366926542,0.8146615642147611,167.53917038135813,11.523747956828041,279.28216552734375,77366.8203125
277,2013-06-15 13:00:00,67383.5,67383.5,14.319166666666668,3.4378333333333333,128.3575,-0.550674748974474,1.2238790731603835,154.172287444196,10.676686799601478,279.73744201660156,77326.8515625
278,2013-06-15 14:00:00,67395.5,67395.5,13.217500000000001,3.392666666666667,158.6076666666667,-0.8616898341372146,0.7437460937943381,184.80278688107992,12.344304597453041,280.61058044433594,77291.62109375
279,2013-06-15 15:00:00,67407.5,67407.5,13.658333333333333,3.7898333333333336,162.987,-0.9146510647556253,0.07039867689809332,264.57732913859076,11.746099031046791,280.85133361816406,77298.48828125
280,2013-06-15 16:00:00,67419.5,67419.5,13.152499999999998,3.2198333333333333,187.0041666666667,-0.6427795324735233,0.6249822990324875,36.67377675999795,11.396398103312416,281.8048858642578,77296.91796875
281,2013-06-15 17:00:00,67431.5,67431.5,12.496666666666668,2.09825,280.69425,0.21175062228381822,0.8270190274521695,70.04985898855911,10.274419343546791,281.9341583251953,77351.72265625
282,2013-06-15 18:00:00,67443.5,67443.5,11.4375,1.5965,169.11499999999998,-0.9086060402343241,0.7142240433706976,30.259432933743852,8.805730378703041,281.0970153808594,77371.05859375
283,2013-06-15 19:00:00,67455.5,67455.5,10.770000000000001,1.43325,165.60966666666667,-0.4255312423596172,0.2816895012137216,125.98470287609867,10.046468293742103,279.3773651123047,77343.82421875
284,2013-06-15 20:00:00,67467.5,67467.5,9.414166666666667,0.7498333333333332,156.075,-0.38131307493967687,0.30800476219357686,20.484618219085604,8.989110505656166,279.35443115234375,77371.80078125
285,2013-06-15 21:00:00,67479.5,67479.5,8.968333333333334,1.3618333333333332,122.28500000000001,-0.377762926012945,0.4826643649021415,351.15826498667644,7.9666343093671035,279.06671142578125,77391.5234375
286,2013-06-15 22:00:00,67491.5,67491.5,8.4125,1.7765833333333332,195.97833333333335,-0.08932042615554042,0.5372785772058577,341.4461857736138,7.036260163859291,278.5185089111328,77381.76171875
287,2013-06-15 23:00:00,67503.5,67503.5,7.0160833333333334,1.3003333333333333,135.78333333333333,-0.6875899871988479,0.6170874983164482,330.1695394684253,6.3643088699139785,278.1573944091797,77386.61328125
288,2013-06-16 00:00:00,67515.5,67515.5,6.357499999999999,1.71825,118.64999999999999,-0.4580275310233311,0.6700155622586865,324.92481406702535,5.6122641921796035,277.8271484375,77372.8828125
289,2013-06-16 01:00:00,67527.5,67527.5,6.4656666666666665,1.95925,108.23333333333333,-0.29444851711023823,0.706432318706364,324.8619834609499,4.9079184890546035,277.56236267089844,77365.27734375
290,2013-06-16 02:00:00,67539.5,67539.5,5.5035,2.041166666666667,118.54166666666667,-0.47032816990665305,0.6862868945061846,323.49214852613574,4.573461091593666,277.19972229003906,77326.03515625
291,2013-06-16 03:00:00,67551.5,67551.5,5.5425,1.9859166666666666,115.39166666666667,-0.40222802911733685,0.6681741538438455,320.6668639914449,4.332799470499916,276.81398010253906,77326.88671875
292,2013-06-16 04:00:00,67563.5,67563.5,5.8565,1.7631666666666668,115.71666666666665,-0.4215089471503773,0.6290204839590293,310.4862693700157,4.308995759562416,276.5072784423828,77321.81640625
293,2013-06-16 05:00:00,67575.5,67575.5,5.853833333333333,2.1918333333333333,116.52499999999999,-0.4296256476938816,0.34611561850890976,290.1477658567189,5.383733308390541,277.9336853027344,77339.69140625
294,2013-06-16 06:00:00,67587.5,67587.5,6.638416666666667,2.8705833333333337,110.26666666666667,-0.3311906332574536,0.33519541934184705,173.40490087721082,7.8867698074139785,279.4576721191406,77375.4609375
295,2013-06-16 07:00:00,67599.5,67599.5,10.67,2.163,119.21916666666668,-0.4082880484581781,0.8761450554703111,165.22317010827834,10.062520539835853,281.2397766113281,77425.78125
296,2013-06-16 08:00:00,67611.5,67611.5,12.576666666666666,2.4948333333333337,113.95,-0.38570333330431517,1.0817656503062896,165.34767554821732,10.644643342570228,281.34625244140625,77430.19140625
297,2013-06-16 09:00:00,67623.5,67623.5,13.7975,2.799,123.06083333333333,-0.44893382249303754,1.137674593634492,167.7426702420019,12.125234162882728,281.13661193847656,77443.9296875
298,2013-06-16 10:00:00,67635.5,67635.5,14.819166666666668,3.7954166666666667,137.79675,-0.6879938492772171,1.1546696357125898,177.6354901051525,12.980351960734291,281.32957458496094,77460.1953125
299,2013-06-16 11:00:00,67647.5,67647.5,15.043333333333335,5.1297500000000005,127.425,-0.5995891965347161,1.2106549838084824,171.85427233227168,13.951894319132728,281.3914489746094,77462.48046875
300,2013-06-16 12:00:00,67659.5,67659.5,15.186666666666667,3.841833333333333,148.65258333333335,-0.809845102297412,0.9769453597589545,163.3759282491441,13.413335359171791,280.9273681640625,77472.47265625
301,2013-06-16 13:00:00,67671.5,67671.5,15.461666666666666,4.055416666666667,150.36333333333334,-0.8054115975115955,1.1855346555920665,155.3570220253226,13.874974763468666,281.7388916015625,77424.7578125
302,2013-06-16 14:00:00,67683.5,67683.5,15.31,5.0216666666666665,152.92308333333332,-0.8382702813805043,1.112522924903108,145.4912746484216,13.969258821085853,282.2865447998047,77432.19921875
303,2013-06-16 15:00:00,67695.5,67695.5,15.061666666666667,4.306583333333333,170.58983333333333,-0.9675505496239251,0.8858577837897359,144.3508082128346,12.351186311320228,282.1426086425781,77455.73046875
304,2013-06-16 16:00:00,67707.5,67707.5,14.42,5.294833333333333,178.43425,-0.9936907793734496,0.5143872040043763,186.54759179057842,11.102529084757728,281.5697326660156,77478.4453125
305,2013-06-16 17:00:00,67719.5,67719.5,14.296666666666667,3.6909166666666664,164.63933333333333,-0.9340125669955879,0.716051122532867,167.23334577787696,11.001714265421791,281.9132080078125,77480.1015625
306,2013-06-16 18:00:00,67731.5,67731.5,14.039166666666667,2.61825,153.70958333333334,-0.8398416528565065,0.5827239088517202,186.74594812237785,10.756093537882728,282.0401611328125,77494.640625
307,2013-06-16 19:00:00,67743.5,67743.5,11.635833333333332,1.32625,139.41525,-0.28572386197289135,0.6757225987238401,152.49292209898286,11.218038117960853,280.6189270019531,77495.29296875
308,2013-06-16 20:00:00,67755.5,67755.5,10.308333333333334,1.3253333333333333,104.27499999999999,-0.21995766286121202,0.4076399922903171,167.18831909734752,10.181539094523353,280.73272705078125,77550.5625
309,2013-06-16 21:00:00,67767.5,67767.5,9.762500000000001,1.2778333333333334,143.83666666666667,-0.3519601620325043,0.2856806728126085,190.87720490865553,9.547017610148353,280.8474884033203,77555.15234375
310,2013-06-16 22:00:00,67779.5,67779.5,8.865833333333333,2.496916666666667,120.625,-0.504078656587031,0.14115185606357458,207.07195767886483,8.835271394328041,280.8873596191406,77565.80859375
311,2013-06-16 23:00:00,67791.5,67791.5,8.679166666666667,2.1666666666666665,122.94166666666666,-0.5326224898159796,0.12940489259657142,258.11899693952233,8.158147370890541,280.78627014160156,77553.27734375
312,2013-06-17 00:00:00,67803.5,67803.5,8.626666666666667,2.0465,131.295,-0.49674283843836675,0.20316577981154468,276.50318886255326,7.607976472453041,280.4470672607422,77549.86328125
313,2013-06-17 01:00:00,67815.5,67815.5,8.283,2.3449166666666668,119.05833333333334,-0.46647779001999035,0.3512897549397251,296.496045628947,7.041966950968666,279.89634704589844,77532.6875
314,2013-06-17 02:00:00,67827.5,67827.5,7.609166666666667,2.4931666666666668,124.55,-0.5646830451144905,0.5978536568099947,303.2139115584272,6.126653230265541,279.0015869140625,77524.25390625
315,2013-06-17 03:00:00,67839.5,67839.5,7.760833333333333,2.57875,121.21666666666665,-0.5146326670443749,0.6688561519317728,302.9193155295342,6.024755036906166,278.8993225097656,77500.765625
316,2013-06-17 04:00:00,67851.5,67851.5,7.6000000000000005,2.448916666666667,117.41666666666667,-0.4486733702824166,0.6442079970707166,300.6865582163128,5.8086753249921035,278.6834716796875,77496.37890625
317,2013-06-17 05:00:00,67863.5,67863.5,7.661666666666666,2.6641666666666666,119.64999999999999,-0.4829360468120141,0.5118678602340317,289.4315080361396,6.8268638015546035,279.6999969482422,77513.07421875
318,2013-06-17 06:00:00,67875.5,67875.5,8.329166666666667,2.9204166666666667,109.19166666666666,-0.3258593711406527,0.2657729891016602,259.09198491399553,8.481893098429603,280.7177734375,77544.22265625
319,2013-06-17 07:00:00,67887.5,67887.5,12.216666666666667,2.959,110.68333333333334,-0.34384910875305413,0.7849058459493281,165.3578047781395,10.829106843546791,280.9656677246094,77600.21484375
320,2013-06-17 08:00:00,67899.5,67899.5,14.370833333333332,3.4749166666666667,105.13333333333333,-0.2582094119154541,1.233765993695966,159.97542288638923,12.640920198038978,280.8975524902344,77612.88671875
321,2013-06-17 09:00:00,67911.5,67911.5,16.004166666666666,3.7579999999999996,111.06666666666666,-0.3521285177463866,1.4313157333884217,163.28864520236272,13.589772737101478,280.5620574951172,77607.73828125
322,2013-06-17 10:00:00,67923.5,67923.5,16.44666666666667,5.745416666666667,113.73333333333333,-0.39529451176712777,1.545764871916195,174.69911412445714,14.721562898234291,280.0232849121094,77615.30078125
323,2013-06-17 11:00:00,67935.5,67935.5,16.451666666666668,6.401416666666666,127.70833333333333,-0.6079756715015981,1.5336423148435814,179.50290367499764,15.445180451945228,280.1560821533203,77615.30859375
324,2013-06-17 12:00:00,67947.5,67947.5,16.540833333333335,5.375,136.03333333333333,-0.6923434180515596,1.4826060157650713,182.38358735226518,16.060704743937418,280.57440185546875,77622.4296875
325,2013-06-17 13:00:00,67959.5,67959.5,16.914166666666667,4.260166666666667,147.21691666666666,-0.783294235938982,1.3894917132652507,180.69653839211844,16.450078523234293,281.03746032714844,77609.296875
326,2013-06-17 14:00:00,67971.5,67971.5,15.903333333333334,5.393416666666667,174.91575,-0.9818228447180918,1.1399556910710404,181.75730810501273,15.234273469523353,281.4964294433594,77635.8671875
327,2013-06-17 15:00:00,67983.5,67983.5,16.86583333333333,3.8348333333333335,170.36033333333333,-0.9397845724579633,0.8540892655139234,171.83356239299752,15.181554353312416,282.19471740722656,77629.9453125
328,2013-06-17 16:00:00,67995.5,67995.5,16.7,3.1481666666666666,167.04916666666665,-0.9576876709541037,0.6412784482778454,155.53032027245504,14.667104280070228,282.1468048095703,77621.19140625
329,2013-06-17 17:00:00,68007.5,68007.5,15.167499999999999,2.4793333333333334,125.83999999999999,-0.5171238478015011,0.4042782067973822,158.01426866954893,13.531652009562416,282.33863830566406,77640.83984375
330,2013-06-17 18:00:00,68019.5,68019.5,14.759166666666667,2.0145,135.43333333333334,-0.6350616927789171,0.2796526831594873,153.57895343148255,12.810720002726478,283.4755554199219,77639.19140625
331,2013-06-17 19:00:00,68031.5,68031.5,12.995,2.25975,124.60000000000001,-0.5490271296501789,0.6699607131643578,144.79545109085578,13.774892366007728,281.7867431640625,77606.6015625
332,2013-06-17 20:00:00,68043.5,68043.5,11.994166666666667,2.5835,116.73333333333333,-0.4460336733378046,0.46135400309685926,135.15945602467593,12.501866853312416,281.8450012207031,77641.08984375
333,2013-06-17 21:00:00,68055.5,68055.5,11.303333333333333,2.6584166666666667,114.85833333333333,-0.41189958326093473,0.1383614372932235,151.2387583337511,11.561437165812416,281.9104919433594,77667.9296875
334,2013-06-17 22:00:00,68067.5,68067.5,11.283333333333333,2.6941666666666664,121.51666666666667,-0.5169250545911638,0.1763154106189356,300.3642277844161,10.797032868937416,281.75941467285156,77677.58203125
335,2013-06-17 23:00:00,68079.5,68079.5,10.5825,2.21,119.22500000000001,-0.47604900038884385,0.39942505204627926,313.0944053470824,10.059697663859291,281.39935302734375,77677.40234375
336,2013-06-18 00:00:00,68091.5,68091.5,10.1,2.3153333333333332,118.58333333333333,-0.471674896849295,0.553218090715281,317.5128517805644,9.334676301554603,281.00465393066406,77657.078125
337,2013-06-18 01:00:00,68103.5,68103.5,9.876666666666667,2.45225,124.27499999999999,-0.5564605356217462,0.7314324514712426,319.5383342005545,8.770360505656166,280.57025146484375,77645.9296875
338,2013-06-18 02:00:00,68115.5,68115.5,9.793333333333333,2.6175833333333336,121.175,-0.5042009411801,0.8044899067414588,321.4956544366732,8.336995637492103,280.1930389404297,77625.2734375
339,2013-06-18 03:00:00,68127.5,68127.5,9.628333333333334,2.7840833333333332,121.425,-0.5166565192519542,0.8426973452479658,321.9251082735516,7.857335603312416,279.79176330566406,77603.5546875
340,2013-06-18 04:00:00,68139.5,68139.5,9.626666666666667,2.6050833333333334,119.3,-0.4808273790180993,0.8697839382685115,324.5028679235891,7.635686433390541,279.4302520751953,77606.13671875
341,2013-06-18 05:00:00,68151.5,68151.5,9.795833333333333,2.8867499999999997,112.46666666666665,-0.376222806165297,0.730716553802179,323.63237757410735,8.471715486124916,279.78443908691406,77620.1875
342,2013-06-18 06:00:00,68163.5,68163.5,10.765,3.3514999999999997,109.50833333333333,-0.3296358662076155,0.2804331793616182,341.869681991535,12.199636018351478,282.42259216308594,77635.7421875
343,2013-06-18 07:00:00,68175.5,68175.5,13.707500000000001,3.7550833333333333,103.69166666666666,-0.23393569914951207,0.49388485935840376,78.7744275599156,14.500340974406166,281.7873840332031,77718.1328125
344,2013-06-18 08:00:00,68187.5,68187.5,15.751666666666667,3.2417499999999997,105.45,-0.24679222731889708,1.1454080171725287,120.99949251235874,15.662862336710853,280.47845458984375,77720.5625
345,2013-06-18 09:00:00,68199.5,68199.5,17.165833333333335,3.6343333333333336,122.84875,-0.4824748293865088,1.4445537960755592,135.22039527732377,16.45708230741398,279.5329895019531,77732.78125
346,2013-06-18 10:00:00,68211.5,68211.5,17.479166666666668,3.4815,119.79633333333334,-0.4539531776566985,1.710507972913135,142.0250058223979,16.476506745890543,278.87953186035156,77742.9921875
347,2013-06-18 11:00:00,68223.5,68223.5,17.691666666666666,3.394833333333333,150.21083333333334,-0.7753625097388563,1.9482461220001226,145.9376722162682,16.629247224406168,277.7008056640625,77750.2265625
348,2013-06-18 12:00:00,68235.5,68235.5,17.805833333333332,3.04875,173.47041666666667,-0.9590317042509083,1.5403723254097237,144.2429438178301,16.373693025187418,277.4054412841797,77738.37109375
349,2013-06-18 13:00:00,68247.5,68247.5,16.18,4.429749999999999,157.32416666666666,-0.862294213862684,1.3727540686466762,143.45095852429344,16.894307649210855,277.2605895996094,77729.265625
350,2013-06-18 14:00:00,68259.5,68259.5,17.741666666666667,4.213666666666667,132.75,-0.6432697883018392,1.2321718450866204,151.61485873116985,16.21605447538273,277.76780700683594,77713.37109375
351,2013-06-18 15:00:00,68271.5,68271.5,17.655833333333334,4.296666666666667,140.34083333333334,-0.734065262551285,1.4180384864584497,149.48128292591167,15.930440461710853,278.6636199951172,77690.16796875
352,2013-06-18 16:00:00,68283.5,68283.5,16.093333333333334,4.239916666666667,129.025,-0.5892023633918674,1.1331214694106801,146.25258300200917,15.226460969523353,279.6697692871094,77700.515625
353,2013-06-18 17:00:00,68295.5,68295.5,14.219999999999999,3.7230000000000003,154.5825,-0.8544345356683279,0.7129657426541719,135.04422107136847,14.532079255656166,280.75184631347656,77689.70703125
354,2013-06-18 18:00:00,68307.5,68307.5,13.826666666666666,3.1065,124.55833333333334,-0.51032129337186,0.9236539443118079,157.77411218602265,13.728810823038978,281.8517761230469,77700.19140625
355,2013-06-18 19:00:00,68319.5,68319.5,13.080833333333333,2.5443333333333333,119.46666666666668,-0.4481987129189489,0.8405406390692388,146.10972851379984,13.907277619913978,280.52105712890625,77663.84765625
356,2013-06-18 20:00:00,68331.5,68331.5,12.176666666666668,1.9055833333333334,123.855,-0.39651379935752756,0.6256263221004829,150.244198981537,13.162725007609291,280.15191650390625,77717.37109375
357,2013-06-18 21:00:00,68343.5,68343.5,11.835,3.3350833333333334,141.7,-0.7048472997512,0.35707013907802365,168.2910361647986,12.444554841593666,280.1985168457031,77733.2109375
358,2013-06-18 22:00:00,68355.5,68355.5,11.344999999999999,2.6969166666666666,124.64033333333333,-0.49642876643612294,0.2017442467884331,159.25121803161903,11.714726960734291,280.2148132324219,77694.29296875
359,2013-06-18 23:00:00,68367.5,68367.5,10.493333333333334,2.323,117.66666666666667,-0.456573492403696,0.2228616104150934,138.3472396865632,11.137715852335853,280.2229919433594,77673.40234375
360,2013-06-19 00:00:00,68379.5,68379.5,10.503333333333334,2.2680833333333332,126.88683333333334,-0.5566624543440137,0.2210168739390085,160.62184153531896,10.806020295695228,280.2868347167969,77676.1484375
361,2013-06-19 01:00:00,68391.5,68391.5,9.755,2.459166666666667,127.43333333333334,-0.586537989476328,0.15983633983589765,151.0149921198696,10.535176789835853,280.38954162597656,77639.55078125
362,2013-06-19 02:00:00,68403.5,68403.5,9.570833333333333,2.515,122.94083333333333,-0.4961386078720164,0.2310195468722241,159.6743330134991,10.263524568156166,280.4803009033203,77613.5546875
363,2013-06-19 03:00:00,68415.5,68415.5,9.584999999999999,2.0294166666666666,119.50833333333334,-0.47230771202534316,0.19375101693548882,113.25576629387837,9.940084016398353,280.62548828125,77575.23046875
364,2013-06-19 04:00:00,68427.5,68427.5,9.511666666666667,1.2550833333333333,118.08333333333333,-0.4202082008524739,0.12852384834864258,140.16993339087313,9.537618196085853,280.6393280029297,77563.04296875
365,2013-06-19 05:00:00,68439.5,68439.5,9.593333333333334,1.2713333333333334,114.915,-0.26454923067010006,0.2777821763432543,152.29760124724433,9.749272859171791,280.9283905029297,77557.16015625
366,2013-06-19 06:00:00,68451.5,68451.5,10.218333333333334,2.3061666666666665,119.925,-0.4529942570101231,0.9352620982784919,164.1125133634377,10.077245271281166,281.4098358154297,77561.09375
367,2013-06-19 07:00:00,68463.5,68463.5,13.493333333333332,3.9163333333333328,119.875,-0.48935571606526157,1.3787246600911152,160.00378294822582,11.800023591593666,279.97508239746094,77647.53125
368,2013-06-19 08:00:00,68475.5,68475.5,14.440833333333332,5.528083333333334,128.0,-0.608687071621611,1.5985079034881686,162.50280056957274,12.718480622843666,279.4920654296875,77635.77734375
369,2013-06-19 09:00:00,68487.5,68487.5,15.225,5.765833333333333,124.47500000000001,-0.5569184432502561,1.700207725191505,163.57633020730472,13.847249543742103,279.52928161621094,77650.546875
370,2013-06-19 10:00:00,68499.5,68499.5,15.803333333333335,5.81575,125.19166666666666,-0.5578425205565665,1.7640384984070794,166.1532396456799,14.693334138468666,279.7982635498047,77667.921875
371,2013-06-19 11:00:00,68511.5,68511.5,15.993333333333332,6.0715,131.42499999999998,-0.6460654358478787,1.7879281268361844,164.74459181282424,15.286183869913978,280.22911071777344,77680.328125
372,2013-06-19 12:00:00,68523.5,68523.5,16.19666666666667,5.509916666666666,132.93333333333334,-0.6756580236725349,1.8689582237938358,164.48953254990903,15.971044099406166,280.8654022216797,77647.24609375
373,2013-06-19 13:00:00,68535.5,68535.5,16.644166666666667,5.246166666666666,142.70000000000002,-0.7886844481052592,1.87675524085525,167.75753136874255,15.797872102335853,281.27061462402344,77634.9609375
374,2013-06-19 14:00:00,68547.5,68547.5,17.030833333333334,4.53,154.34558333333334,-0.8624795537324154,1.8072013464409356,181.7815168145193,15.265279328898353,279.8020477294922,77641.23828125
375,2013-06-19 15:00:00,68559.5,68559.5,16.785,4.782583333333333,149.24591666666666,-0.8156910086387424,1.396585523421431,174.01582278316477,15.279790437296791,280.25323486328125,77610.9609375
376,2013-06-19 16:00:00,68571.5,68571.5,16.647499999999997,5.9126666666666665,151.32916666666668,-0.8204580200853252,1.5345800515437902,172.60230017268552,15.468419587687416,280.59519958496094,77602.5234375
377,2013-06-19 17:00:00,68583.5,68583.5,15.980833333333335,6.475416666666667,126.20833333333333,-0.5839673455696004,1.499697778245663,163.47702794605806,15.004704988078041,281.2313690185547,77592.2109375
378,2013-06-19 18:00:00,68595.5,68595.5,14.5625,4.793083333333334,142.57416666666668,-0.7454010253879709,1.153576396208264,154.98350141556153,14.107671296671791,282.0273742675781,77600.31640625
379,2013-06-19 19:00:00,68607.5,68607.5,13.527500000000002,2.314083333333333,154.88333333333333,-0.5572518338164095,0.9193531892682254,154.3446085381221,13.038640534953041,282.03240966796875,77585.33984375
380,2013-06-19 20:00:00,68619.5,68619.5,13.015833333333333,2.9683333333333333,115.51666666666667,-0.38355206829032534,0.6787902736375905,153.32601285624523,12.328755891398353,280.91571044921875,77610.20703125
381,2013-06-19 21:00:00,68631.5,68631.5,11.869166666666667,1.7171666666666667,126.49083333333334,-0.18116728318478348,0.4387600979078075,152.28500752159687,11.291387116984291,280.9529571533203,77595.0703125
382,2013-06-19 22:00:00,68643.5,68643.5,10.786666666666667,1.81525,123.00916666666667,-0.35835749101732733,0.13755095121939664,166.94017634192622,10.438863313273353,280.9422912597656,77581.26171875
383,2013-06-19 23:00:00,68655.5,68655.5,10.568333333333333,1.2924166666666668,108.39741666666667,-0.2374969049470158,0.11551581234357955,292.6611997916979,9.561086213663978,280.81597900390625,77560.9296875
384,2013-06-20 00:00:00,68667.5,68667.5,10.384166666666667,0.9440833333333334,119.93333333333334,-0.2689416916003147,0.23811497699232204,301.34180047271803,8.793172395304603,280.5662078857422,77544.40234375
385,2013-06-20 01:00:00,68679.5,68679.5,9.678333333333333,2.0565,119.75,-0.46967489266558965,0.26818363706661186,302.57382820587054,8.489522492960853,280.45082092285156,77527.52734375
386,2013-06-20 02:00:00,68691.5,68691.5,9.411666666666667,1.8030833333333334,117.23333333333333,-0.4319208732151483,0.3385033313837917,301.6976650314632,7.813146150187416,279.9897766113281,77484.37109375
387,2013-06-20 03:00:00,68703.5,68703.5,9.180833333333334,2.003,117.48333333333333,-0.44024362337711115,0.428753977296978,300.55123862881476,7.106542146281166,279.44749450683594,77452.01171875
388,2013-06-20 04:00:00,68715.5,68715.5,8.753333333333334,2.56425,116.11666666666667,-0.4249673447807198,0.5231640630283164,295.5353443456367,6.444860017374916,279.27410888671875,77454.0390625
389,2013-06-20 05:00:00,68727.5,68727.5,9.2325,2.4696666666666665,116.89166666666667,-0.44464764630045667,0.363786011920978,275.607288456445,7.3651938796796035,279.7559051513672,77458.41015625
390,2013-06-20 06:00:00,68739.5,68739.5,9.885,2.858416666666667,110.99166666666667,-0.35314503208877784,0.32323214423144275,218.82581639584063,9.688893830851478,281.5962829589844,77476.51953125
391,2013-06-20 07:00:00,68751.5,68751.5,14.9825,1.341,132.40833333333333,-0.5924094833627982,0.9634289987091883,174.84599219999131,12.947103059367103,281.7931213378906,77527.58203125
392,2013-06-20 08:00:00,68763.5,68763.5,16.474999999999998,3.29675,121.69166666666666,-0.4997918044845537,1.3144186371938194,169.2002386506418,14.208058869913978,281.24249267578125,77536.79296875
393,2013-06-20 09:00:00,68775.5,68775.5,15.898333333333333,5.718,129.4,-0.6228955483137354,1.5323153371575473,162.1565369965345,15.272603547648353,280.8667449951172,77529.70703125
394,2013-06-20 10:00:00,68787.5,68787.5,16.209166666666665,5.965166666666666,118.64999999999999,-0.473294473555286,1.787780978856193,158.48305120052515,15.791661775187416,280.6945495605469,77522.5390625
395,2013-06-20 11:00:00,68799.5,68799.5,16.473333333333333,4.79325,117.53333333333335,-0.4454606665319441,1.9660745806787647,160.80472176724982,16.048924958781168,280.8437042236328,77504.859375
396,2013-06-20 12:00:00,68811.5,68811.5,16.8525,5.312833333333333,117.85000000000001,-0.4595017977512715,1.9769727122564715,160.1736122546406,15.981038606242103,281.27207946777344,77466.61328125
397,2013-06-20 13:00:00,68823.5,68823.5,16.9025,5.2004166666666665,123.30833333333334,-0.5422125202065958,2.4272101803848707,156.5647413145246,14.866658723429603,281.02378845214844,77458.54296875
398,2013-06-20 14:00:00,68835.5,68835.5,17.105,6.267916666666667,124.625,-0.5608929598665685,1.6079299600744517,147.41175166898464,13.551717317179603,280.1275177001953,77462.33984375
399,2013-06-20 15:00:00,68847.5,68847.5,16.78,6.593166666666666,122.79166666666667,-0.5292473840301207,1.9840184489447878,163.85722065681,13.435597932413978,280.2920379638672,77416.2109375
400,2013-06-20 16:00:00,68859.5,68859.5,16.1725,6.585,120.8,-0.5030993500611287,1.4518766329201556,164.76215116697693,12.774739778117103,280.0616760253906,77395.12890625
401,2013-06-20 17:00:00,68871.5,68871.5,15.5175,6.86175,115.25833333333333,-0.4175206545386087,1.6145163236480635,150.04092874099092,12.276952302531166,279.97068786621094,77345.87109375
402,2013-06-20 18:00:00,68883.5,68883.5,14.01,7.24275,118.39999999999999,-0.46824466596750386,1.669923738781303,153.26690022824414,11.560155427531166,280.001220703125,77349.34375
403,2013-06-20 19:00:00,68895.5,68895.5,12.849166666666667,6.5488333333333335,117.00833333333333,-0.4438881087365969,1.1874023069683262,153.90328712202052,9.381047761515541,281.3257598876953,77284.29296875
404,2013-06-20 20:00:00,68907.5,68907.5,12.218333333333334,5.631916666666666,126.90749999999998,-0.5622272324927993,1.1632438930347526,154.8149572647234,8.798558747843666,281.32374572753906,77315.18359375
405,2013-06-20 21:00:00,68919.5,68919.5,11.233333333333334,4.477166666666666,126.23333333333333,-0.19812699127970546,1.1663545958912775,153.6352418770211,8.224721467570228,280.83216857910156,77294.8046875
406,2013-06-20 22:00:00,68931.5,68931.5,11.571666666666667,6.15025,111.95041666666667,-0.32837666739341037,1.128096358059008,145.10970624907227,8.262975251749916,280.5590362548828,77287.453125
407,2013-06-20 23:00:00,68943.5,68943.5,10.381666666666666,4.003583333333333,110.2525,-0.24415618857544333,1.1316586974541802,138.48226391050937,7.8275657058514785,280.35313415527344,77260.859375
408,2013-06-21 00:00:00,68955.5,68955.5,11.233333333333334,6.966583333333333,117.18333333333334,-0.4298759709516952,1.2559253731405013,146.29357007784063,7.5135093093671035,280.2275848388672,77202.9921875
409,2013-06-21 01:00:00,68967.5,68967.5,10.873333333333333,8.4585,116.64166666666667,-0.4216945332271786,0.9790176160885955,145.45136918216247,7.2492881179608535,280.0274658203125,77166.078125
410,2013-06-21 02:00:00,68979.5,68979.5,10.460833333333333,5.1845,133.71666666666667,-0.6377289811408549,0.7849195655098563,146.35951412247718,6.9784751296796035,279.7536926269531,77141.59765625
411,2013-06-21 03:00:00,68991.5,68991.5,9.647499999999999,4.134666666666667,137.85,-0.7011720264616592,0.7366832136564548,143.94400791336273,6.444310700968666,279.3272705078125,77118.08984375
412,2013-06-21 04:00:00,69003.5,69003.5,8.841666666666667,3.8182500000000004,157.0325,-0.8856146970937672,0.6057551919416448,141.6401439702578,6.3795676589764785,279.27149963378906,77123.5234375
413,2013-06-21 05:00:00,69015.5,69015.5,8.334166666666667,4.04725,162.90933333333334,-0.9020615904142177,0.8464226936383445,145.47268527617393,6.5703025222577285,279.3194122314453,77125.3828125
414,2013-06-21 06:00:00,69027.5,69027.5,8.681666666666667,4.9238333333333335,125.14166666666667,-0.534787513316828,1.1524242704861525,147.92419864988636,6.8770957351483535,279.3047637939453,77151.33203125
415,2013-06-21 07:00:00,69039.5,69039.5,10.395833333333334,6.069500000000001,114.575,-0.41369813491874546,1.0570081574557655,139.7601386015723,8.696507966593666,279.9494934082031,77139.16796875
416,2013-06-21 08:00:00,69051.5,69051.5,10.835833333333333,5.93875,123.25833333333333,-0.5334587996041705,1.3908070426500678,146.94655849512276,9.360890901163978,279.421875,77159.28515625
417,2013-06-21 09:00:00,69063.5,69063.5,11.57,5.25325,119.88333333333333,-0.4888009973417154,1.6124303513520089,150.77715258810264,10.248097932413978,278.93153381347656,77177.15234375
418,2013-06-21 10:00:00,69075.5,69075.5,12.0625,4.974666666666667,118.55833333333334,-0.46217301229144986,1.8267719709563914,157.07540202458753,11.471898591593666,278.6573791503906,77202.40625
419,2013-06-21 11:00:00,69087.5,69087.5,12.193333333333333,5.289083333333333,127.77499999999999,-0.6064282480681736,2.0032962036783797,164.50733535239257,12.547673738078041,278.3037872314453,77192.99609375
420,2013-06-21 12:00:00,69099.5,69099.5,12.808333333333332,5.416250000000001,119.15833333333335,-0.47308866752645456,2.134488288058849,164.6877271823629,13.092717683390541,278.03558349609375,77206.26953125
421,2013-06-21 13:00:00,69111.5,69111.5,12.728333333333333,5.319833333333333,126.55833333333334,-0.5755579621371896,1.9803804233518811,160.74499642954098,13.075933015421791,278.03843688964844,77192.6484375
422,2013-06-21 14:00:00,69123.5,69123.5,12.601666666666667,5.43025,128.64166666666668,-0.6155164391917874,1.94428941173691,158.3495887201514,12.958577668742103,278.0538024902344,77193.8046875
423,2013-06-21 15:00:00,69135.5,69135.5,12.381666666666668,4.315333333333333,135.70000000000002,-0.6916570794982174,1.8330096805991576,157.9072655513586,12.875813996867103,277.9019470214844,77201.75
424,2013-06-21 16:00:00,69147.5,69147.5,12.269166666666665,5.023333333333333,128.21666666666667,-0.6111770569329804,1.673090099853913,153.6222801444807,12.621144807413978,277.6857604980469,77206.91015625
425,2013-06-21 17:00:00,69159.5,69159.5,11.926666666666668,5.098999999999999,127.30833333333334,-0.6004475147109574,1.4317225545470638,146.99209039379159,12.068547761515541,277.9503173828125,77226.9296875
426,2013-06-21 18:00:00,69171.5,69171.5,11.240833333333333,5.249666666666667,125.48333333333333,-0.5690859661296106,1.1543852103680101,143.60412801645248,10.746449983195228,278.4354553222656,77253.8046875
427,2013-06-21 19:00:00,69183.5,69183.5,10.218333333333334,3.7602499999999996,124.53916666666667,-0.5118321141956684,0.7889744496676319,125.50924204554344,10.021504914835853,278.60723876953125,77227.96875
428,2013-06-21 20:00:00,69195.5,69195.5,8.036666666666667,1.3099166666666666,275.55583333333334,0.13842852173773182,0.627037780142048,116.77066377827292,9.082326448038978,278.8471221923828,77273.40234375
429,2013-06-21 21:00:00,69207.5,69207.5,7.157166666666666,1.09975,217.85,0.411431825428951,0.5032643745912937,107.85146388268086,8.380437409953041,278.6519012451172,77286.0234375
430,2013-06-21 22:00:00,69219.5,69219.5,6.867999999999999,1.25275,179.625,0.35568592741611255,0.4358081860366975,94.9871301468419,7.7780356765546035,278.63807678222656,77295.48828125
431,2013-06-21 23:00:00,69231.5,69231.5,6.414833333333333,0.6303333333333333,171.09416666666667,-0.03669826728802217,0.4024975784281773,79.10934550709071,7.240087068156166,278.52684020996094,77290.9765625
432,2013-06-22 00:00:00,69243.5,69243.5,6.610666666666667,1.0308333333333333,180.8658333333333,-0.0820717507964852,0.38165353481826486,62.03746804737248,6.867314851359291,278.3616485595703,77251.93359375
433,2013-06-22 01:00:00,69255.5,69255.5,7.68725,1.3945,130.58666666666667,-0.08290771074845661,0.32767180313234895,49.49102306837462,6.556066072062416,278.3191833496094,77243.25390625
434,2013-06-22 02:00:00,69267.5,69267.5,6.7067499999999995,1.0150833333333333,152.75300000000001,-0.24413003879090103,0.28124788609677204,55.220111854063106,6.419744050578041,278.281494140625,77208.8046875
435,2013-06-22 03:00:00,69279.5,69279.5,6.361166666666667,1.13225,140.145,-0.11795144332489375,0.228009969163733,44.34114520200221,6.1386008621014785,278.1733093261719,77199.4296875
436,2013-06-22 04:00:00,69291.5,69291.5,5.3815,1.452,136.71666666666667,-0.31086364467190986,0.3991479444723987,60.21545392606919,6.0957236648358535,278.17762756347656,77193.046875
437,2013-06-22 05:00:00,69303.5,69303.5,5.224166666666666,0.8436666666666667,124.33333333333333,-0.5215308566967006,0.37252349769451876,63.14632075760631,6.128240144328041,278.2514190673828,77181.9140625
438,2013-06-22 06:00:00,69315.5,69315.5,5.724666666666667,1.632,115.375,-0.40091070916197125,0.5229278412268623,113.89187209703815,7.393102204874916,278.23333740234375,77188.734375
439,2013-06-22 07:00:00,69327.5,69327.5,9.363333333333333,1.6219999999999999,122.18333333333334,-0.09348120903284592,0.8262640709139222,163.3216332334152,8.081532991007728,275.1826629638672,77240.359375
440,2013-06-22 08:00:00,69339.5,69339.5,10.8675,1.9710833333333333,324.80833333333334,0.8083404799385181,0.9151398188274201,161.78105543886377,9.515218293742103,274.8477478027344,77256.046875
441,2013-06-22 09:00:00,69351.5,69351.5,11.283333333333333,3.135666666666667,135.03333333333333,-0.3444042278231459,1.0402138617976906,161.81621279056355,10.118794953898353,274.82313537597656,77235.92578125
442,2013-06-22 10:00:00,69363.5,69363.5,11.605833333333335,4.252666666666667,123.19166666666666,-0.5383093895177962,1.0497605181428789,160.7586113034519,11.128835237101478,275.06544494628906,77241.71484375
443,2013-06-22 11:00:00,69375.5,69375.5,11.504166666666668,4.3276666666666666,127.61666666666667,-0.6079966335876171,1.046138721579139,154.36634743840204,11.760213410929603,275.45115661621094,77230.2109375
444,2013-06-22 12:00:00,69387.5,69387.5,12.193333333333333,4.8693333333333335,123.55,-0.5420984453029908,0.9473560507618068,155.42047890080565,11.648931062296791,276.0391845703125,77197.28515625
445,2013-06-22 13:00:00,69399.5,69399.5,12.229166666666666,4.948333333333333,128.45833333333334,-0.6129301617180868,0.9587551803774135,164.34795392279182,11.397313630656166,276.8902893066406,77210.13671875
446,2013-06-22 14:00:00,69411.5,69411.5,11.771666666666667,3.62675,164.05775,-0.2703149913037367,0.4847016756702822,110.29701359297133,10.239308869913978,278.35765075683594,77214.41796875
447,2013-06-22 15:00:00,69423.5,69423.5,13.313333333333333,2.089916666666667,146.22833333333332,-0.4909217823471435,0.5555192797734433,102.20225640386019,9.596379792765541,277.91375732421875,77194.16796875
448,2013-06-22 16:00:00,69435.5,69435.5,12.512500000000001,3.884,156.51666666666668,-0.4131990970723671,0.41360627565820124,221.51680636886962,8.999272859171791,278.6396026611328,77199.015625
449,2013-06-22 17:00:00,69447.5,69447.5,10.455833333333333,3.6495,306.675,0.5738885282514385,0.16072372141566516,264.5744465274776,8.645452058390541,278.7137756347656,77213.35546875
450,2013-06-22 18:00:00,69459.5,69459.5,9.206666666666667,3.5864166666666666,307.35833333333335,0.5830369327141534,0.33924514320316584,341.5830309330421,8.273458039835853,278.90773010253906,77216.33984375
451,2013-06-22 19:00:00,69471.5,69471.5,7.515833333333333,2.314416666666667,281.0758333333333,0.17843941020208373,0.4106483476316039,326.6476118772078,7.850133454874916,277.33213806152344,77189.5078125
452,2013-06-22 20:00:00,69483.5,69483.5,7.144166666666667,1.93775,278.0475,0.12058813967725694,0.47783102309249686,329.19082082414457,7.016057527140541,277.1270446777344,77221.625
453,2013-06-22 21:00:00,69495.5,69495.5,7.06175,1.1120833333333333,306.78333333333336,0.5387146705967298,0.5389875486432938,328.15744120804845,6.2625632644452285,277.08982849121094,77224.4921875
454,2013-06-22 22:00:00,69507.5,69507.5,6.9128333333333325,0.9135,213.51833333333332,0.08938295514981409,0.603097193286614,320.9246433000943,5.710698640421791,276.83204650878906,77212.59765625
455,2013-06-22 23:00:00,69519.5,69519.5,6.753833333333333,0.6210833333333333,183.0725,0.19151107424398006,0.6770721057484814,318.620869051862,4.8728232742108535,276.39125061035156,77197.69140625
456,2013-06-23 00:00:00,69531.5,69531.5,6.375083333333333,1.0081666666666667,228.20000000000002,0.37711218495338333,0.7545531616894698,321.3155824123999,3.999639070109291,275.8792419433594,77158.48046875
457,2013-06-23 01:00:00,69543.5,69543.5,6.453833333333333,1.4649166666666666,109.575,-0.3174674055512293,0.7663361133834689,319.1751046328478,2.924474275187416,275.6068115234375,77150.34375
458,2013-06-23 02:00:00,69555.5,69555.5,6.888333333333333,0.8395,160.93333333333334,-0.34951365882364116,0.8337986626824108,317.2775121442702,2.3251242996014785,275.02227783203125,77116.171875
459,2013-06-23 03:00:00,69567.5,69567.5,5.775916666666667,0.8691666666666666,198.67083333333335,-0.05844471370974678,0.833822324098976,316.40509902372827,1.9554343581952287,274.73516845703125,77092.63671875
460,2013-06-23 04:00:00,69579.5,69579.5,5.0225,1.45375,95.89999999999999,-0.09680677234840185,0.7564828729033515,314.01931156023784,2.2086387038983535,274.77313232421875,77066.6875
461,2013-06-23 05:00:00,69591.5,69591.5,4.998166666666667,1.12375,113.90166666666666,-0.1041905291002974,0.5953274292588245,313.1720759211678,3.832006013468666,275.97283935546875,77059.41796875
462,2013-06-23 06:00:00,69603.5,69603.5,5.822416666666666,2.567416666666667,103.54166666666667,-0.22364877855452972,0.3035316002966818,316.44008767452976,6.1737571121014785,277.45143127441406,77069.4921875
463,2013-06-23 07:00:00,69615.5,69615.5,8.894166666666667,2.0248333333333335,109.15833333333335,-0.3159947720765877,0.27152904693558977,105.9834312104529,8.361638581828041,278.6792755126953,77122.078125
464,2013-06-23 08:00:00,69627.5,69627.5,11.336666666666666,1.5135833333333333,150.25833333333333,-0.15971621239178635,0.7022126101175483,147.00504774587458,9.567647492960853,277.47825622558594,77125.2734375
465,2013-06-23 09:00:00,69639.5,69639.5,12.018333333333333,2.4215833333333334,301.22499999999997,0.597276038968079,1.1156491221980933,164.31627992737995,10.606236970499916,277.2599639892578,77108.4921875
466,2013-06-23 10:00:00,69651.5,69651.5,12.423333333333334,4.644416666666667,121.7,-0.5180323790436017,1.337526639153391,160.82780981147633,10.806279695109291,277.6107940673828,77105.3359375
467,2013-06-23 11:00:00,69663.5,69663.5,12.451666666666666,5.271416666666667,127.425,-0.5993814251824542,1.361690711971611,162.09961648191896,10.694173371867103,277.6991271972656,77082.08984375
468,2013-06-23 12:00:00,69675.5,69675.5,12.251666666666667,6.486666666666667,119.80833333333334,-0.49150334025842896,1.392744501626914,148.96194845330302,10.806630647257728,278.7230987548828,77058.78515625
469,2013-06-23 13:00:00,69687.5,69687.5,11.25,5.699416666666667,125.85833333333333,-0.5816126306091557,1.3610181201527383,144.7978574035567,11.033116853312416,279.78282165527344,77020.3359375
470,2013-06-23 14:00:00,69699.5,69699.5,11.145833333333334,6.131916666666666,116.68333333333334,-0.44498536145203155,0.8149282299657946,146.27117732347622,10.382100617960853,279.8527069091797,77001.55859375
471,2013-06-23 15:00:00,69711.5,69711.5,11.586666666666666,5.808083333333333,123.72500000000001,-0.5479042164738349,0.8448756764526565,110.89909802711557,9.931539094523353,280.6002197265625,76965.80078125
472,2013-06-23 16:00:00,69723.5,69723.5,11.109166666666667,6.05875,122.94166666666666,-0.5362674272868166,0.7212204573910848,79.5839322438036,9.339681184367103,280.63092041015625,76913.33203125
473,2013-06-23 17:00:00,69735.5,69735.5,10.579166666666667,5.7508333333333335,122.91666666666667,-0.5355770128885401,0.6641077946352701,44.87468149971274,8.734410798624916,280.1999053955078,76918.48828125
474,2013-06-23 18:00:00,69747.5,69747.5,6.95975,4.815916666666666,265.8308333333333,0.457042602588247,0.8365368214928408,28.097138989522175,7.8831687331952285,280.1515350341797,76903.60546875
475,2013-06-23 19:00:00,69759.5,69759.5,3.829416666666667,4.805416666666667,274.44083333333333,0.3906534231999987,1.0380305413827404,344.0456959933638,5.823339021281166,278.2767028808594,76912.9140625
476,2013-06-23 20:00:00,69771.5,69771.5,2.0193333333333334,3.33,221.44500000000002,0.20542990407838024,1.2791182564388548,343.86927569961057,4.1566062331952285,276.5501403808594,76984.28515625
477,2013-06-23 21:00:00,69783.5,69783.5,0.3915,1.61175,225.71333333333334,-0.07555412856349708,1.3718732727167262,348.33124635095203,2.927342927531166,275.1331481933594,77013.16796875
478,2013-06-23 22:00:00,69795.5,69795.5,0.01958333333333333,1.2354166666666666,264.18333333333334,0.3896120610711897,1.2012703193277117,343.13875188884043,1.5760093093671037,274.41807556152344,77005.2109375
479,2013-06-23 23:00:00,69807.5,69807.5,-0.11716666666666666,1.3110833333333334,288.7083333333333,0.307714852200226,1.1456275062963177,343.2306579098462,0.9616141677655411,273.83094787597656,76991.9296875
480,2013-06-25 00:00:00,70107.5,70107.5,0.13641666666666666,2.1534166666666668,242.86166666666668,0.39212598334049065,1.3788009747229095,321.6659890077649,0.09906533964054112,271.4026336669922,77092.98046875
481,2013-06-25 01:00:00,70119.5,70119.5,-0.04225,2.9500833333333336,275.68083333333334,0.09294888520595106,1.3747821467302612,320.92822763851535,-0.3038887619219589,271.0890655517578,77104.46875
482,2013-06-25 02:00:00,70131.5,70131.5,-0.19291666666666665,3.3495000000000004,244.45833333333334,-0.09284424783781209,1.294238234418999,321.60625395390116,-0.2984718918047714,271.0896911621094,77078.16015625
483,2013-06-25 03:00:00,70143.5,70143.5,-0.27025,2.8033333333333332,230.74375,-0.4855901881028815,1.349448388779492,322.2663322304702,-0.4487709640703964,270.9897766113281,77076.63671875
484,2013-06-25 04:00:00,70155.5,70155.5,-0.5610833333333334,2.7897499999999997,251.725,-0.2561240818580504,1.2927811673285265,323.6803209952671,-0.5176186203203964,271.04222106933594,77061.4453125
485,2013-06-25 05:00:00,70167.5,70167.5,-0.4315833333333334,1.7905833333333334,229.21708333333333,-0.5673195784300177,1.3189072965315967,324.3782528990909,-0.04284139864070888,271.45262145996094,77079.03125
486,2013-06-25 06:00:00,70179.5,70179.5,0.015916666666666673,2.61875,253.72833333333332,-0.2527664640957233,1.4469113280632044,326.85743339322465,0.8198142410077286,271.67604064941406,77114.69921875
487,2013-06-25 07:00:00,70191.5,70191.5,0.9536666666666666,2.7976666666666667,294.675,0.3809593316936235,1.6073345010517675,331.05285289938854,1.2164054275311662,271.41590881347656,77130.546875
488,2013-06-25 08:00:00,70203.5,70203.5,1.6981666666666666,2.5766666666666667,263.87583333333333,0.17311651228550132,1.657489816676531,336.56107915543,2.0465903640546035,271.0154571533203,77135.44921875
489,2013-06-25 09:00:00,70215.5,70215.5,2.2933333333333334,2.7604166666666665,267.966,-0.006268966600413692,1.8021144266563576,339.1249037255304,3.9241843581952285,270.61497497558594,77143.69921875
490,2013-06-25 10:00:00,70227.5,70227.5,3.0093333333333336,2.1278333333333332,227.68508333333332,-0.017808353107966867,1.7836152331834394,340.4277157444211,4.385137116984291,270.26397705078125,77157.22265625
491,2013-06-25 11:00:00,70239.5,70239.5,3.4194999999999998,2.0410833333333334,229.635,-0.25607453257933716,1.759038296241455,341.72520678736663,5.0548606277264785,270.49542236328125,77168.06640625
492,2013-06-25 12:00:00,70251.5,70251.5,3.8465833333333332,2.68925,244.84166666666667,0.12282549407333566,1.724737153039452,342.2790232676886,5.3319297195233535,270.6115264892578,77166.76953125
493,2013-06-25 13:00:00,70263.5,70263.5,3.6879166666666667,3.7236666666666665,283.465,0.2188366663361451,1.670704966134481,347.109636110188,5.3864035964764785,270.6429443359375,77176.15234375
494,2013-06-25 14:00:00,70275.5,70275.5,4.124666666666667,3.7158333333333338,287.55,0.27982401309640537,1.6929308802618672,349.84836612238394,5.035466706828041,270.6492156982422,77206.98046875
495,2013-06-25 15:00:00,70287.5,70287.5,3.845166666666667,3.7533333333333334,277.765,0.3101204331839496,1.621721150025447,350.7062464378821,4.7706809402264785,271.08782958984375,77211.4609375
496,2013-06-25 16:00:00,70299.5,70299.5,2.86525,2.8824166666666664,260.05,0.48834041521443133,1.6894006867070976,343.0305128963988,4.3791404128827285,270.8757781982422,77221.6328125
497,2013-06-25 17:00:00,70311.5,70311.5,2.12475,3.1053333333333337,279.6066666666666,0.15785085960335618,1.4262729048566611,339.2410655697442,3.7502646804608535,270.7601318359375,77257.27734375
498,2013-06-25 18:00:00,70323.5,70323.5,1.4890833333333333,2.13775,242.41416666666666,0.23809474599847813,1.1631638960611286,338.26963341393827,2.874578034953041,270.87176513671875,77271.6953125
499,2013-06-25 19:00:00,70335.5,70335.5,0.8856666666666667,2.3818333333333332,270.5491666666667,0.00362196898747294,1.225764010133703,341.2844703751476,1.5320945144452287,270.59478759765625,77300.71875
500,2013-06-25 20:00:00,70347.5,70347.5,0.37625,3.080833333333333,259.27416666666664,-0.17729451492864398,1.161111007021277,335.4635074187434,0.4768882156171036,270.516357421875,77348.2890625
501,2013-06-25 21:00:00,70359.5,70359.5,0.218,2.829833333333333,275.34583333333336,0.0859413048564055,1.046223379484415,329.8461195845898,-0.4382729171953964,270.4542694091797,77340.36328125
502,2013-06-25 22:00:00,70371.5,70371.5,0.084,2.4179166666666667,253.57916666666665,-0.25449787650535366,0.9845346712049352,326.13753190051824,-1.2349800705157088,270.2738952636719,77359.55859375
503,2013-06-25 23:00:00,70383.5,70383.5,-0.30083333333333334,2.988,237.80916666666667,-0.4977865466139551,0.9703056370239836,320.48503134967893,-1.6581825851641463,269.90553283691406,77361.30078125
